date,Plate.SN,DIV,well,trt,dose,units,meanfiringrate,burst.per.min,mean.isis,per.spikes.in.burst,mean.dur,mean.IBIs,nAE,nABE,ns.n,ns.peak.m,ns.durn.m,ns.percent.of.spikes.in.ns,ns.mean.insis,ns.durn.sd,ns.mean.spikes.in.ns,r,cv.time,cv.network,file.name,source,identity,eligible_identity
20171011,MW1147-28,5,C1,Valinomycin,0.0001,uM,1.059759042,1.705714286,0.066807841,45.1896,0.5764,39.6224,7,5,0,,,0.0,,,,0.003685094,0.724335451,2.211435592,ON_20171011_MW1147-28_5_00_000.h5,NTP,2001-95-8,True
20171011,MW1147-28,5,C2,Valinomycin,0.0,uM,1.095163236,3.701538462,0.0811883,57.3645,0.5625,13.6945,13,6,0,,,0.0,,,,0.00086224,0.492741272,1.33355017,ON_20171011_MW1147-28_5_00_000.h5,NTP,2001-95-8,True
20171011,MW1147-28,5,C3,Valinomycin,0.0003,uM,0.79323329,2.106,0.053338001,45.656,0.399,29.883,10,3,0,,,0.0,,,,0.001581542,0.568883064,1.999542376,ON_20171011_MW1147-28_5_00_000.h5,NTP,2001-95-8,True
20171011,MW1147-28,5,C4,Valinomycin,0.001,uM,0.0,0.0,,0.0,,,0,0,0,,,0.0,,,,0.0,0.0,0.0,ON_20171011_MW1147-28_5_00_000.h5,NTP,2001-95-8,True
20171011,MW1147-28,5,C5,Valinomycin,0.003,uM,0.0,0.0,,0.0,,,0,0,0,,,0.0,,,,0.0,0.0,0.0,ON_20171011_MW1147-28_5_00_000.h5,NTP,2001-95-8,True
20171011,MW1147-28,5,C6,Valinomycin,0.01,uM,0.0,0.0,,0.0,,,0,0,0,,,0.0,,,,0.0,0.0,0.0,ON_20171011_MW1147-28_5_00_000.h5,NTP,2001-95-8,True
20171011,MW1147-28,5,C7,Valinomycin,0.03,uM,0.0,0.0,,0.0,,,0,0,0,,,0.0,,,,0.0,0.0,0.0,ON_20171011_MW1147-28_5_00_000.h5,NTP,2001-95-8,True
20171011,MW1147-28,5,C8,Valinomycin,0.1,uM,0.0,0.0,,0.0,,,0,0,0,,,0.0,,,,0.0,0.0,0.0,ON_20171011_MW1147-28_5_00_000.h5,NTP,2001-95-8,True
20171011,MW1147-28,7,C1,Valinomycin,0.0001,uM,0.772706017,1.86,0.030947665,71.8721,0.4207,38.934,10,10,19,11.63157895,0.221312657,13.94067797,47.34722222,0.063289908,51.94736842,0.194971696,0.3630646,2.416303523,ON_20171011_MW1147-28_7_00_000.h5,NTP,2001-95-8,True
20171011,MW1147-28,7,C2,Valinomycin,0.0,uM,1.46366431,3.77625,0.031645162,58.8315,0.3635,26.406,16,16,33,15.24242424,0.272569089,10.03506112,26.8640625,0.032155286,64.18181818,0.187964902,0.177414595,2.372012875,ON_20171011_MW1147-28_7_00_000.h5,NTP,2001-95-8,True
20171011,MW1147-28,7,C3,Valinomycin,0.0003,uM,0.963108591,2.392,0.044218869,41.63885714,0.345714286,37.9275,15,14,21,13.14285714,0.17334845,6.176335527,41.1525,0.030532583,38.42857143,0.073821258,0.287045027,2.213211923,ON_20171011_MW1147-28_7_00_000.h5,NTP,2001-95-8,True
20171011,MW1147-28,7,C4,Valinomycin,0.001,uM,0.0,0.0,,0.0,,,0,0,0,,,0.0,,,,0.0,0.0,0.0,ON_20171011_MW1147-28_7_00_000.h5,NTP,2001-95-8,True
20171011,MW1147-28,7,C5,Valinomycin,0.003,uM,0.0,0.0,,0.0,,,0,0,0,,,0.0,,,,0.0,0.0,0.0,ON_20171011_MW1147-28_7_00_000.h5,NTP,2001-95-8,True
20171011,MW1147-28,7,C6,Valinomycin,0.01,uM,0.0,0.0,,0.0,,,0,0,0,,,0.0,,,,0.0,0.0,0.0,ON_20171011_MW1147-28_7_00_000.h5,NTP,2001-95-8,True
20171011,MW1147-28,7,C7,Valinomycin,0.03,uM,0.0,0.0,,0.0,,,0,0,0,,,0.0,,,,0.0,0.0,0.0,ON_20171011_MW1147-28_7_00_000.h5,NTP,2001-95-8,True
20171011,MW1147-28,7,C8,Valinomycin,0.1,uM,0.0,0.0,,0.0,,,0,0,0,,,0.0,,,,0.0,0.0,0.0,ON_20171011_MW1147-28_7_00_000.h5,NTP,2001-95-8,True
20171011,MW1147-29,5,C1,Valinomycin,0.0001,uM,0.615156568,2.04,0.100940368,49.627,0.525,9.1485,7,2,0,,,0.0,,,,7.92e-05,0.811387406,1.64698251,ON_20171011_MW1147-29_5_00_000.h5,NTP,2001-95-8,True
20171011,MW1147-29,5,C2,Valinomycin,0.0,uM,1.522688904,4.112307692,0.084526458,34.2928,0.5489,35.8841,13,10,1,9.0,0.16,0.061486864,,,11.0,0.001858429,0.368050789,0.870512631,ON_20171011_MW1147-29_5_00_000.h5,NTP,2001-95-8,True
20171011,MW1147-29,5,C3,Valinomycin,0.0003,uM,1.152303003,3.34,0.114039997,30.67433333,0.640166667,26.32516667,12,6,0,,,0.0,,,,0.000963046,0.542885931,1.198064224,ON_20171011_MW1147-29_5_00_000.h5,NTP,2001-95-8,True
20171011,MW1147-29,5,C4,Valinomycin,0.001,uM,0.0,0.0,,0.0,,,0,0,0,,,0.0,,,,0.0,0.0,0.0,ON_20171011_MW1147-29_5_00_000.h5,NTP,2001-95-8,True
20171011,MW1147-29,5,C5,Valinomycin,0.003,uM,0.0,0.0,,0.0,,,0,0,0,,,0.0,,,,0.0,0.0,0.0,ON_20171011_MW1147-29_5_00_000.h5,NTP,2001-95-8,True
20171011,MW1147-29,5,C6,Valinomycin,0.01,uM,0.0,0.0,,0.0,,,0,0,0,,,0.0,,,,0.0,0.0,0.0,ON_20171011_MW1147-29_5_00_000.h5,NTP,2001-95-8,True
20171011,MW1147-29,5,C7,Valinomycin,0.03,uM,0.0,0.0,,0.0,,,0,0,0,,,0.0,,,,0.0,0.0,0.0,ON_20171011_MW1147-29_5_00_000.h5,NTP,2001-95-8,True
20171011,MW1147-29,5,C8,Valinomycin,0.1,uM,0.0,0.0,,0.0,,,0,0,0,,,0.0,,,,0.0,0.0,0.0,ON_20171011_MW1147-29_5_00_000.h5,NTP,2001-95-8,True
20171011,MW1147-29,7,C1,Valinomycin,0.0001,uM,1.018003531,2.945,0.055173644,54.047875,0.47075,18.96575,12,8,19,11.31578947,0.172364244,4.135880339,47.575,0.039639684,24.15789474,0.0654397,0.350849076,0.929687219,ON_20171011_MW1147-29_7_00_000.h5,NTP,2001-95-8,True
20171011,MW1147-29,7,C2,Valinomycin,0.0,uM,2.3337094,6.75375,0.069260896,49.8986,0.676,16.2758,16,15,32,13.71875,0.239977462,4.088050314,27.87580645,0.068478695,43.0625,0.05275644,0.187424601,0.915390066,ON_20171011_MW1147-29_7_00_000.h5,NTP,2001-95-8,True
20171011,MW1147-29,7,C3,Valinomycin,0.0003,uM,1.467741761,4.547142857,0.051838812,51.87725,0.422666667,27.59358333,14,12,18,12.66666667,0.177593695,3.445125228,48.55294118,0.04449335,35.61111111,0.061013261,0.334052596,1.425907543,ON_20171011_MW1147-29_7_00_000.h5,NTP,2001-95-8,True
20171011,MW1147-29,7,C4,Valinomycin,0.001,uM,0.0,0.0,,0.0,,,0,0,0,,,0.0,,,,0.0,0.0,0.0,ON_20171011_MW1147-29_7_00_000.h5,NTP,2001-95-8,True
20171011,MW1147-29,7,C5,Valinomycin,0.003,uM,0.0,0.0,,0.0,,,0,0,0,,,0.0,,,,0.0,0.0,0.0,ON_20171011_MW1147-29_7_00_000.h5,NTP,2001-95-8,True
20171011,MW1147-29,7,C6,Valinomycin,0.01,uM,0.0,0.0,,0.0,,,0,0,0,,,0.0,,,,0.0,0.0,0.0,ON_20171011_MW1147-29_7_00_000.h5,NTP,2001-95-8,True
20171011,MW1147-29,7,C7,Valinomycin,0.03,uM,0.0,0.0,,0.0,,,0,0,0,,,0.0,,,,0.0,0.0,0.0,ON_20171011_MW1147-29_7_00_000.h5,NTP,2001-95-8,True
20171011,MW1147-29,7,C8,Valinomycin,0.1,uM,0.0,0.0,,0.0,,,0,0,0,,,0.0,,,,0.0,0.0,0.0,ON_20171011_MW1147-29_7_00_000.h5,NTP,2001-95-8,True
20171011,MW1147-30,5,C1,Valinomycin,0.0001,uM,1.064963217,1.67,0.098655524,22.15933333,0.471,44.41166667,6,3,0,,,0.0,,,,0.000731282,0.787709491,1.22538152,ON_20171011_MW1147-30_5_00_000.h5,NTP,2001-95-8,True
20171011,MW1147-30,5,C2,Valinomycin,0.0,uM,0.857861626,1.632,0.099657375,26.08166667,0.533333333,35.67833333,10,6,0,,,0.0,,,,0.001132337,0.778846565,1.391359548,ON_20171011_MW1147-30_5_00_000.h5,NTP,2001-95-8,True
20171011,MW1147-30,5,C3,Valinomycin,0.0003,uM,0.851092405,0.24,0.130415319,4.662,0.557,77.398,3,1,0,,,0.0,,,,-0.000471044,0.821199376,1.471539526,ON_20171011_MW1147-30_5_00_000.h5,NTP,2001-95-8,True
20171011,MW1147-30,5,C4,Valinomycin,0.001,uM,0.0,0.0,,0.0,,,0,0,0,,,0.0,,,,0.0,0.0,0.0,ON_20171011_MW1147-30_5_00_000.h5,NTP,2001-95-8,True
20171011,MW1147-30,5,C5,Valinomycin,0.003,uM,0.0,0.0,,0.0,,,0,0,0,,,0.0,,,,0.0,0.0,0.0,ON_20171011_MW1147-30_5_00_000.h5,NTP,2001-95-8,True
20171011,MW1147-30,5,C6,Valinomycin,0.01,uM,0.0,0.0,,0.0,,,0,0,0,,,0.0,,,,0.0,0.0,0.0,ON_20171011_MW1147-30_5_00_000.h5,NTP,2001-95-8,True
20171011,MW1147-30,5,C7,Valinomycin,0.03,uM,0.0,0.0,,0.0,,,0,0,0,,,0.0,,,,0.0,0.0,0.0,ON_20171011_MW1147-30_5_00_000.h5,NTP,2001-95-8,True
20171011,MW1147-30,5,C8,Valinomycin,0.1,uM,0.0,0.0,,0.0,,,0,0,0,,,0.0,,,,0.0,0.0,0.0,ON_20171011_MW1147-30_5_00_000.h5,NTP,2001-95-8,True
20171011,MW1147-30,7,C1,Valinomycin,0.0001,uM,1.007368033,2.232857143,0.049604975,48.05991667,0.465916667,35.40425,14,12,20,13.6,0.18642307,8.034948124,42.38157895,0.038329775,51.5,0.09740606,0.320027842,1.926442032,ON_20171011_MW1147-30_7_00_000.h5,NTP,2001-95-8,True
20171011,MW1147-30,7,C2,Valinomycin,0.0,uM,1.921672188,4.21875,0.04949779,56.9096875,0.71325,20.7909375,16,16,41,14.97560976,0.254455553,8.874801902,20.505,0.039795859,60.09756098,0.144306468,0.235430214,1.417842252,ON_20171011_MW1147-30_7_00_000.h5,NTP,2001-95-8,True
20171011,MW1147-30,7,C3,Valinomycin,0.0003,uM,0.918504488,2.064,0.070848442,27.49333333,0.413,36.75583333,10,6,13,8.692307692,0.137291667,2.264557872,65.1625,0.018091444,14.53846154,0.019007656,0.733248256,1.257834927,ON_20171011_MW1147-30_7_00_000.h5,NTP,2001-95-8,True
20171011,MW1147-30,7,C4,Valinomycin,0.001,uM,0.0,0.0,,0.0,,,0,0,0,,,0.0,,,,0.0,0.0,0.0,ON_20171011_MW1147-30_7_00_000.h5,NTP,2001-95-8,True
20171011,MW1147-30,7,C5,Valinomycin,0.003,uM,0.0,0.0,,0.0,,,0,0,0,,,0.0,,,,0.0,0.0,0.0,ON_20171011_MW1147-30_7_00_000.h5,NTP,2001-95-8,True
20171011,MW1147-30,7,C6,Valinomycin,0.01,uM,0.0,0.0,,0.0,,,0,0,0,,,0.0,,,,0.0,0.0,0.0,ON_20171011_MW1147-30_7_00_000.h5,NTP,2001-95-8,True
20171011,MW1147-30,7,C7,Valinomycin,0.03,uM,0.0,0.0,,0.0,,,0,0,0,,,0.0,,,,0.0,0.0,0.0,ON_20171011_MW1147-30_7_00_000.h5,NTP,2001-95-8,True
20171011,MW1147-30,7,C8,Valinomycin,0.1,uM,0.0,0.0,,0.0,,,0,0,0,,,0.0,,,,0.0,0.0,0.0,ON_20171011_MW1147-30_7_00_000.h5,NTP,2001-95-8,True
20171011,MW1147-16,5,A1,Flufenacet,0.03,uM,0.299668295,0.2325,0.070392011,25.4665,0.3895,65.531,8,2,0,,,0.0,,,,0.002682032,0.613909063,2.058514592,ON_20171011_MW1147-16_5_00_000.h5,TC,142459-58-3,True
20171011,MW1147-16,5,A2,Flufenacet,0.0,uM,0.877192075,1.08,0.127829235,22.326,0.635666667,22.367,9,3,0,,,0.0,,,,0.000279793,0.609676645,1.163205539,ON_20171011_MW1147-16_5_00_000.h5,TC,142459-58-3,True
20171011,MW1147-16,5,A3,Flufenacet,0.1,uM,1.122862505,2.61,0.104926539,57.4645,0.7345,7.519,10,2,0,,,0.0,,,,0.000131798,0.636930558,1.260359717,ON_20171011_MW1147-16_5_00_000.h5,TC,142459-58-3,True
20171011,MW1147-16,5,A4,Flufenacet,0.3,uM,0.323266769,0.02,,0.0,,,3,0,0,,,0.0,,,,-0.000426845,1.282879273,1.11143859,ON_20171011_MW1147-16_5_00_000.h5,TC,142459-58-3,True
20171011,MW1147-16,5,A5,Flufenacet,1.0,uM,0.860549334,1.89,0.086459827,24.59471429,0.464285714,33.48785714,14,7,0,,,0.0,,,,0.00331539,0.3640613,1.031574713,ON_20171011_MW1147-16_5_00_000.h5,TC,142459-58-3,True
20171011,MW1147-16,5,A6,Flufenacet,3.0,uM,1.276811376,2.04,0.109698974,22.56425,0.7295,34.46825,9,4,0,,,0.0,,,,0.003418317,0.863854376,1.363145394,ON_20171011_MW1147-16_5_00_000.h5,TC,142459-58-3,True
20171011,MW1147-16,5,A7,Flufenacet,10.0,uM,0.448740457,0.5025,0.075806013,28.438,0.4,14.905,8,1,0,,,0.0,,,,0.00041117,0.646063984,1.536408069,ON_20171011_MW1147-16_5_00_000.h5,TC,142459-58-3,True
20171011,MW1147-16,5,A8,Flufenacet,20.0,uM,1.150157975,3.158181818,0.083085475,44.4,0.50875,11.31575,11,4,0,,,0.0,,,,-0.000127053,0.533327576,2.09284028,ON_20171011_MW1147-16_5_00_000.h5,TC,142459-58-3,True
20171011,MW1147-16,5,B1,Disulfoton,0.03,uM,1.126393369,4.028571429,0.079704166,40.3127,0.4531,22.3279,14,10,0,,,0.0,,,,0.002388072,0.235330705,2.306964239,ON_20171011_MW1147-16_5_00_000.h5,TC,298-04-4,True
20171011,MW1147-16,5,B2,Disulfoton,0.0,uM,1.443062858,2.262857143,0.103029761,47.6295,1.561,33.6895,14,4,0,,,0.0,,,,0.000945078,0.226885579,1.888674967,ON_20171011_MW1147-16_5_00_000.h5,TC,298-04-4,True
20171011,MW1147-16,5,B3,Disulfoton,0.1,uM,2.432180004,7.761428571,0.092178136,49.51546154,0.787461538,19.15830769,14,13,6,9.166666667,0.352013889,0.220786389,124.12,0.11551768,11.33333333,0.005763962,0.269060867,2.405107173,ON_20171011_MW1147-16_5_00_000.h5,TC,298-04-4,True
20171011,MW1147-16,5,B4,Disulfoton,0.3,uM,1.193088836,4.38,0.075080533,47.40385714,0.426285714,9.590285714,13,7,0,,,0.0,,,,0.001494017,0.351917876,2.327332653,ON_20171011_MW1147-16_5_00_000.h5,TC,298-04-4,True
20171011,MW1147-16,5,B5,Disulfoton,1.0,uM,1.125830402,2.366666667,0.10473448,40.09433333,0.781333333,9.872,9,3,0,,,0.0,,,,0.00240447,0.556450673,1.688505553,ON_20171011_MW1147-16_5_00_000.h5,TC,298-04-4,True
20171011,MW1147-16,5,B6,Disulfoton,3.0,uM,0.852962461,2.98,0.063043379,46.98833333,0.338833333,24.87383333,12,6,0,,,0.0,,,,0.002830713,0.372226755,1.551712992,ON_20171011_MW1147-16_5_00_000.h5,TC,298-04-4,True
20171011,MW1147-16,5,B7,Disulfoton,10.0,uM,0.696039535,1.944,0.075241852,35.0275,0.398166667,27.09133333,10,6,0,,,0.0,,,,0.00316251,0.501733333,1.221590632,ON_20171011_MW1147-16_5_00_000.h5,TC,298-04-4,True
20171011,MW1147-16,5,B8,Disulfoton,20.0,uM,1.055364403,2.526,0.084248749,28.39066667,0.495666667,36.23833333,10,6,0,,,0.0,,,,8.56e-05,0.5721611,2.220700586,ON_20171011_MW1147-16_5_00_000.h5,TC,298-04-4,True
20171011,MW1147-16,5,C1,Fenitrothion,0.03,uM,0.953887666,1.302857143,0.095464111,20.17814286,0.547857143,37.23871429,14,7,0,,,0.0,,,,0.000717747,0.183112571,1.770408166,ON_20171011_MW1147-16_5_00_000.h5,TC,122-14-5,True
20171011,MW1147-16,5,C2,Fenitrothion,0.0,uM,1.604696242,4.235,0.097800042,36.49833333,0.697444444,19.61377778,12,9,0,,,0.0,,,,0.002215787,0.570687553,1.238347593,ON_20171011_MW1147-16_5_00_000.h5,TC,122-14-5,True
20171011,MW1147-16,5,C3,Fenitrothion,0.1,uM,1.67343991,4.68,0.08318424,39.60076923,0.545461538,18.28661538,14,13,2,6.0,0.180208333,0.0896734,135.5,0.15173333,9.5,0.002509084,0.264750864,2.448933256,ON_20171011_MW1147-16_5_00_000.h5,TC,122-14-5,True
20171011,MW1147-16,5,C4,Fenitrothion,0.3,uM,2.456919808,9.045,0.090450617,52.7513,0.6824,5.9357,12,10,6,8.0,0.267916667,0.235928547,124.65,0.097280736,10.5,0.008357907,0.439193848,2.172945305,ON_20171011_MW1147-16_5_00_000.h5,TC,122-14-5,True
20171011,MW1147-16,5,C5,Fenitrothion,1.0,uM,1.153231109,3.775714286,0.072741638,60.48266667,0.638666667,14.82183333,14,6,0,,,0.0,,,,0.002452261,0.292333988,1.752582265,ON_20171011_MW1147-16_5_00_000.h5,TC,122-14-5,True
20171011,MW1147-16,5,C6,Fenitrothion,3.0,uM,1.070155747,2.530909091,0.080444422,34.24166667,0.519666667,15.31383333,11,6,0,,,0.0,,,,0.002043312,0.660097654,1.335024246,ON_20171011_MW1147-16_5_00_000.h5,TC,122-14-5,True
20171011,MW1147-16,5,C7,Fenitrothion,10.0,uM,1.144414742,2.383636364,0.082152882,32.35016667,0.606,30.45333333,11,6,0,,,0.0,,,,0.004019645,0.325988953,2.125011431,ON_20171011_MW1147-16_5_00_000.h5,TC,122-14-5,True
20171011,MW1147-16,5,C8,Fenitrothion,20.0,uM,0.83646662,1.83,0.084872379,35.52733333,0.455333333,13.096,10,3,0,,,0.0,,,,0.000401449,0.47377874,1.54299121,ON_20171011_MW1147-16_5_00_000.h5,TC,122-14-5,True
20171011,MW1147-16,5,D1,Benzo(b)fluoranthene,0.03,uM,1.75177907,5.344615385,0.083962061,49.26733333,0.836111111,16.71266667,13,9,0,,,0.0,,,,0.001121235,0.257721122,1.212576788,ON_20171011_MW1147-16_5_00_000.h5,TC,205-99-2,True
20171011,MW1147-16,5,D2,Benzo(b)fluoranthene,0.0,uM,1.367917188,3.42,0.091818287,40.04442857,0.646714286,24.99257143,10,7,0,,,0.0,,,,0.001770125,0.76371052,1.374290888,ON_20171011_MW1147-16_5_00_000.h5,TC,205-99-2,True
20171011,MW1147-16,5,D3,Benzo(b)fluoranthene,0.1,uM,1.111351569,2.948571429,0.090340065,32.8745,0.4455,24.32675,7,4,0,,,0.0,,,,6.67e-05,0.530677152,1.856376593,ON_20171011_MW1147-16_5_00_000.h5,TC,205-99-2,True
20171011,MW1147-16,5,D4,Benzo(b)fluoranthene,0.3,uM,1.212953756,3.563076923,0.097979865,45.51616667,0.631,16.8725,13,6,0,,,0.0,,,,0.000589405,0.645393592,1.780838294,ON_20171011_MW1147-16_5_00_000.h5,TC,205-99-2,True
20171011,MW1147-16,5,D5,Benzo(b)fluoranthene,1.0,uM,0.694729675,1.014545455,0.108230162,28.3545,0.6675,20.44775,11,4,0,,,0.0,,,,0.000639653,0.762142213,1.698556268,ON_20171011_MW1147-16_5_00_000.h5,TC,205-99-2,True
20171011,MW1147-16,5,D6,Benzo(b)fluoranthene,3.0,uM,0.442027423,0.578181818,0.062872992,22.44733333,0.298666667,31.93066667,11,3,0,,,0.0,,,,-0.000229469,0.678076402,1.048959777,ON_20171011_MW1147-16_5_00_000.h5,TC,205-99-2,True
20171011,MW1147-16,5,D7,Benzo(b)fluoranthene,10.0,uM,0.459297426,0.156,0.190985098,5.004,0.812,79.883,5,1,0,,,0.0,,,,0.000148581,0.922106221,1.424371713,ON_20171011_MW1147-16_5_00_000.h5,TC,205-99-2,True
20171011,MW1147-16,5,D8,Benzo(b)fluoranthene,20.0,uM,0.565255036,0.18,0.169083429,4.099,0.74,113.401,3,1,0,,,0.0,,,,-0.000199591,1.134351076,1.394834672,ON_20171011_MW1147-16_5_00_000.h5,TC,205-99-2,True
20171011,MW1147-16,5,E1,Fluorene,0.03,uM,1.656735595,4.735714286,0.101907664,45.46744444,0.708777778,16.00522222,14,9,0,,,0.0,,,,0.002254037,0.281347362,0.957350898,ON_20171011_MW1147-16_5_00_000.h5,TC,86-73-7,True
20171011,MW1147-16,5,E2,Fluorene,0.0,uM,1.327953499,2.82,0.07839456,36.1353,0.7412,40.5582,14,10,6,10.33333333,0.234513889,0.583298613,145.23,0.033663383,16.33333333,0.009484159,0.339400616,1.774893888,ON_20171011_MW1147-16_5_00_000.h5,TC,86-73-7,True
20171011,MW1147-16,5,E3,Fluorene,0.1,uM,0.476033408,1.055,0.054407358,57.4795,0.3635,23.65525,12,4,0,,,0.0,,,,0.007309107,0.411036184,1.657068613,ON_20171011_MW1147-16_5_00_000.h5,TC,86-73-7,True
20171011,MW1147-16,5,E4,Fluorene,0.3,uM,0.926113113,2.0,0.101177866,27.4262,0.6132,29.6276,12,5,0,,,0.0,,,,0.001798885,0.630672418,1.314317799,ON_20171011_MW1147-16_5_00_000.h5,TC,86-73-7,True
20171011,MW1147-16,5,E5,Fluorene,1.0,uM,1.175397973,3.26,0.076901503,43.91133333,0.596555556,29.33766667,12,9,2,7.5,0.226041667,0.187324383,90.1,0.010311974,12.0,0.007322123,0.545794791,2.643418412,ON_20171011_MW1147-16_5_00_000.h5,TC,86-73-7,True
20171011,MW1147-16,5,E6,Fluorene,3.0,uM,1.221301854,3.8,0.087413312,41.19557143,0.498142857,24.62814286,12,7,0,,,0.0,,,,0.000859637,0.269572333,0.845453051,ON_20171011_MW1147-16_5_00_000.h5,TC,86-73-7,True
20171011,MW1147-16,5,E7,Fluorene,10.0,uM,0.648078502,1.614545455,0.056897601,53.24714286,0.430714286,31.97385714,11,7,1,6.0,0.325,0.214493642,,,14.0,0.007738987,0.429893818,1.313359926,ON_20171011_MW1147-16_5_00_000.h5,TC,86-73-7,True
20171011,MW1147-16,5,E8,Fluorene,20.0,uM,0.78002732,1.58,0.106516793,31.090375,0.562375,47.881375,9,8,0,,,0.0,,,,0.000952988,0.619552595,1.446406411,ON_20171011_MW1147-16_5_00_000.h5,TC,86-73-7,True
20171011,MW1147-16,5,F2,Acenaphthylene,0.0,uM,1.071085825,2.704615385,0.082660533,43.28757143,0.598285714,26.00242857,13,7,0,,,0.0,,,,0.00420449,0.304388768,1.224703814,ON_20171011_MW1147-16_5_00_000.h5,TC,208-96-8,False
20171011,MW1147-16,7,A1,Flufenacet,0.03,uM,1.136962367,1.672,0.046520227,41.88758333,0.427416667,31.17291667,15,12,25,12.64,0.20560119,5.147202184,35.04166667,0.088439746,31.68,0.063590838,0.236925428,1.210874547,ON_20171011_MW1147-16_7_00_001.h5,TC,142459-58-3,True
20171011,MW1147-16,7,A2,Flufenacet,0.0,uM,1.576623332,2.656,0.057641479,51.22161538,0.983538462,26.50576923,15,13,24,13.33333333,0.309029018,4.629152415,35.26304348,0.11846633,41.16666667,0.072290446,0.297194138,1.66103176,ON_20171011_MW1147-16_7_00_001.h5,TC,142459-58-3,True
20171011,MW1147-16,7,A3,Flufenacet,0.1,uM,1.861617718,6.19875,0.067056017,58.27314286,0.555214286,16.102,16,14,31,14.5483871,0.213373801,5.060178112,28.55833333,0.073947736,43.80645161,0.066819052,0.187749413,1.630535153,ON_20171011_MW1147-16_7_00_001.h5,TC,142459-58-3,True
20171011,MW1147-16,7,A4,Flufenacet,0.3,uM,1.535936934,2.8125,0.080879397,45.124375,1.252125,30.613375,8,8,15,8.0,0.138547619,2.230183609,54.63928571,0.039212883,16.6,0.030461525,0.912675315,2.01028425,ON_20171011_MW1147-16_7_00_001.h5,TC,142459-58-3,True
20171011,MW1147-16,7,A5,Flufenacet,1.0,uM,2.433900244,6.54,0.056551866,64.316125,0.7368125,13.9238125,16,16,32,15.15625,0.353816034,5.97657252,26.52903226,0.075292815,65.53125,0.107011494,0.197517771,2.13236758,ON_20171011_MW1147-16_7_00_001.h5,TC,142459-58-3,True
20171011,MW1147-16,7,A6,Flufenacet,3.0,uM,2.508728043,4.757142857,0.058347376,62.00635714,1.246785714,16.98735714,14,14,32,13.875,0.297724144,4.69563571,27.35967742,0.06163895,46.5,0.090160928,0.418072091,0.894672538,ON_20171011_MW1147-16_7_00_001.h5,TC,142459-58-3,True
20171011,MW1147-16,7,A7,Flufenacet,10.0,uM,1.225160931,1.94,0.062836383,37.68292308,0.647538462,38.36684615,15,13,29,11.24137931,0.225789546,5.222309127,30.15892857,0.06740167,29.93103448,0.058588396,0.297673872,2.506738627,ON_20171011_MW1147-16_7_00_001.h5,TC,142459-58-3,True
20171011,MW1147-16,7,A8,Flufenacet,20.0,uM,1.058271785,2.447142857,0.080157658,40.9046,0.6273,27.0834,14,10,18,11.33333333,0.220660975,3.039785427,50.00294118,0.087288156,22.66666667,0.035796581,0.248499049,2.15700167,ON_20171011_MW1147-16_7_00_001.h5,TC,142459-58-3,True
20171011,MW1147-16,7,B1,Disulfoton,0.03,uM,2.376181794,5.064,0.047708573,65.448,0.890266667,15.97766667,15,15,29,14.5862069,0.361293103,6.80155642,30.29107143,0.102504291,75.34482759,0.117213599,0.310270442,2.353991503,ON_20171011_MW1147-16_7_00_001.h5,TC,298-04-4,True
20171011,MW1147-16,7,B2,Disulfoton,0.0,uM,1.939378774,4.73625,0.057892855,54.1322,0.6564,22.7658,16,15,34,14.14705882,0.270509454,6.727949066,26.40151515,0.068262133,55.32352941,0.090309554,0.211706328,2.200796526,ON_20171011_MW1147-16_7_00_001.h5,TC,298-04-4,True
20171011,MW1147-16,7,B3,Disulfoton,0.1,uM,3.448470455,6.53625,0.055993891,69.6944375,1.3639375,10.7370625,16,16,37,14.86486486,0.525944337,5.157604651,24.26527778,0.104557049,69.2972973,0.133283249,0.155292612,2.626983258,ON_20171011_MW1147-16_7_00_001.h5,TC,298-04-4,True
20171011,MW1147-16,7,B4,Disulfoton,0.3,uM,2.045649905,5.32875,0.03483789,69.277125,0.5186875,19.7030625,16,16,37,14.27027027,0.344675568,9.308240081,24.14583333,0.100232839,74.18918919,0.174290868,0.223270542,2.566379155,ON_20171011_MW1147-16_7_00_001.h5,TC,298-04-4,True
20171011,MW1147-16,7,B5,Disulfoton,1.0,uM,1.342123919,2.685,0.04459551,58.20021429,0.526714286,27.14485714,16,14,30,13.76666667,0.278960317,8.43498036,28.01896552,0.072459558,54.4,0.119671399,0.321753348,1.093288998,ON_20171011_MW1147-16_7_00_001.h5,TC,298-04-4,True
20171011,MW1147-16,7,B6,Disulfoton,3.0,uM,1.254165828,4.0725,0.041817947,65.44175,0.4678125,29.8228125,16,16,31,13.5483871,0.256420891,7.295353982,27.23833333,0.060143814,42.5483871,0.121814052,0.371230811,1.861516495,ON_20171011_MW1147-16_7_00_001.h5,TC,298-04-4,True
20171011,MW1147-16,7,B7,Disulfoton,10.0,uM,0.998407565,2.92125,0.039443861,56.85942857,0.403785714,33.55,16,14,21,15.04761905,0.24885393,7.955256027,42.8,0.049072735,54.52380952,0.138034576,0.266360572,1.925175278,ON_20171011_MW1147-16_7_00_001.h5,TC,298-04-4,True
20171011,MW1147-16,7,B8,Disulfoton,20.0,uM,1.429735171,3.97875,0.064196646,48.1231875,0.5734375,22.351875,16,16,20,13.2,0.27855506,3.968754549,41.54210526,0.130311593,40.9,0.049811464,0.257182999,2.182012868,ON_20171011_MW1147-16_7_00_001.h5,TC,298-04-4,True
20171011,MW1147-16,7,C1,Fenitrothion,0.03,uM,1.624449965,4.215,0.049180571,57.8438,0.5644,20.02806667,16,15,42,13.80952381,0.276097647,7.716286617,20.99878049,0.082370552,43.02380952,0.127817309,0.294039408,2.454346907,ON_20171011_MW1147-16_7_00_001.h5,TC,122-14-5,True
20171011,MW1147-16,7,C2,Fenitrothion,0.0,uM,2.730446645,5.715,0.049770108,61.3490625,0.803125,15.412625,16,16,36,14.91666667,0.400759605,6.844164423,23.47142857,0.113363339,74.83333333,0.13672989,0.159203046,2.168719843,ON_20171011_MW1147-16_7_00_001.h5,TC,122-14-5,True
20171011,MW1147-16,7,C3,Fenitrothion,0.1,uM,2.472607353,4.99875,0.039408515,63.0780625,0.682,14.4051875,16,16,44,14.65909091,0.404729437,7.128629541,20.01976744,0.095013426,57.75,0.153538588,0.185058689,2.488039688,ON_20171011_MW1147-16_7_00_001.h5,TC,122-14-5,True
20171011,MW1147-16,7,C4,Fenitrothion,0.3,uM,2.584497258,5.95875,0.039194435,71.77926667,0.704133333,15.09113333,16,15,36,14.75,0.35973545,6.873691556,24.23285714,0.084475113,71.13888889,0.16214178,0.233351595,2.507642047,ON_20171011_MW1147-16_7_00_001.h5,TC,122-14-5,True
20171011,MW1147-16,7,C5,Fenitrothion,1.0,uM,2.09168223,5.476,0.052615254,67.99571429,0.7085,15.16957143,15,14,42,13.26190476,0.347290958,7.232959966,19.87560976,0.085044726,48.73809524,0.122722916,0.291376518,1.691100721,ON_20171011_MW1147-16_7_00_001.h5,TC,122-14-5,True
20171011,MW1147-16,7,C6,Fenitrothion,3.0,uM,2.324715675,5.775,0.056094971,57.7185,0.70025,19.7308125,16,16,33,14.45454545,0.321419553,4.842896786,25.4828125,0.074243094,49.18181818,0.09879062,0.241755024,1.997396431,ON_20171011_MW1147-16_7_00_001.h5,TC,122-14-5,True
20171011,MW1147-16,7,C7,Fenitrothion,10.0,uM,2.355009488,5.271428571,0.058462076,58.97876923,0.740461538,26.45684615,14,13,47,11.14893617,0.318417553,5.32568207,18.63369565,0.103474135,33.76595745,0.082921856,0.281718312,1.86451605,ON_20171011_MW1147-16_7_00_001.h5,TC,122-14-5,True
20171011,MW1147-16,7,C8,Fenitrothion,20.0,uM,1.130303079,4.732,0.066669433,56.9831,0.4471,16.6018,15,10,15,9.266666667,0.230380952,1.171772715,57.56071429,0.062330113,11.93333333,0.018875586,0.175186719,2.284727819,ON_20171011_MW1147-16_7_00_001.h5,TC,122-14-5,True
20171011,MW1147-16,7,D1,Benzo(b)fluoranthene,0.03,uM,2.276852046,4.125,0.04678852,48.956,0.934625,22.48425,16,16,26,14.88461538,0.279774878,5.447399689,34.218,0.052302793,68.76923077,0.09528208,0.171800448,2.402719353,ON_20171011_MW1147-16_7_00_001.h5,TC,205-99-2,True
20171011,MW1147-16,7,D2,Benzo(b)fluoranthene,0.0,uM,2.079177568,4.652,0.04243858,60.3756,0.504533333,23.76453333,15,15,36,13.11111111,0.263007731,6.165819681,23.73142857,0.062065508,48.19444444,0.12336362,0.313349337,2.140319099,ON_20171011_MW1147-16_7_00_001.h5,TC,205-99-2,True
20171011,MW1147-16,7,D3,Benzo(b)fluoranthene,0.1,uM,1.242179111,2.97,0.067697516,37.98044444,0.487555556,28.54544444,10,9,21,8.571428571,0.187176871,4.077635328,40.84,0.059283965,21.80952381,0.03202715,0.672566967,2.292026221,ON_20171011_MW1147-16_7_00_001.h5,TC,205-99-2,True
20171011,MW1147-16,7,D4,Benzo(b)fluoranthene,0.3,uM,2.058755753,5.172,0.068689197,50.54638462,0.692769231,14.99869231,15,13,38,12.36842105,0.239756683,4.167563302,22.10945946,0.058779759,30.57894737,0.055996141,0.227507616,1.662819868,ON_20171011_MW1147-16_7_00_001.h5,TC,205-99-2,True
20171011,MW1147-16,7,D5,Benzo(b)fluoranthene,1.0,uM,1.1132849,3.1,0.059415511,45.95153846,0.484384615,22.27992308,15,13,19,12.42105263,0.209109231,3.558436405,45.59444444,0.039457806,28.31578947,0.055312725,0.247505755,2.568520099,ON_20171011_MW1147-16_7_00_001.h5,TC,205-99-2,True
20171011,MW1147-16,7,D6,Benzo(b)fluoranthene,3.0,uM,0.905028894,2.777142857,0.050803449,43.29116667,0.353833333,25.73691667,14,12,23,13.34782609,0.167280527,5.009131229,39.09318182,0.026362939,25.04347826,0.06743107,0.218115774,1.549056587,ON_20171011_MW1147-16_7_00_001.h5,TC,205-99-2,True
20171011,MW1147-16,7,D7,Benzo(b)fluoranthene,10.0,uM,0.828447086,1.992857143,0.069982095,41.34657143,0.435142857,23.28785714,14,7,15,10.6,0.203083333,1.874762086,55.52142857,0.065623296,13.13333333,0.025699587,0.288685669,1.471220443,ON_20171011_MW1147-16_7_00_001.h5,TC,205-99-2,True
20171011,MW1147-16,7,D8,Benzo(b)fluoranthene,20.0,uM,0.942087397,1.729090909,0.081668424,24.064,0.4718,47.6398,11,5,1,7.0,0.11625,0.084835631,,,8.0,0.007921584,0.480629836,2.442496886,ON_20171011_MW1147-16_7_00_001.h5,TC,205-99-2,True
20171011,MW1147-16,7,E1,Fluorene,0.03,uM,2.542737976,5.68875,0.050697049,60.0495,1.2428125,22.739125,16,16,15,16.0,0.294031746,3.830205151,59.51785714,0.036387584,93.6,0.097006157,0.228714007,1.984499056,ON_20171011_MW1147-16_7_00_001.h5,TC,86-73-7,True
20171011,MW1147-16,7,E2,Fluorene,0.0,uM,1.552446418,4.5525,0.029034548,69.68375,0.367375,20.7915,16,16,26,16.0,0.277820097,10.19213584,32.952,0.036455253,87.73076923,0.201036787,0.217899571,2.162256203,ON_20171011_MW1147-16_7_00_001.h5,TC,86-73-7,True
20171011,MW1147-16,7,E3,Fluorene,0.1,uM,1.609179849,3.964,0.040835686,58.92390909,0.469818182,21.53090909,15,11,31,13.83870968,0.211830197,7.054284927,28.72333333,0.050892787,49.5483871,0.101282746,0.266128128,2.423924402,ON_20171011_MW1147-16_7_00_001.h5,TC,86-73-7,True
20171011,MW1147-16,7,E4,Fluorene,0.3,uM,2.338242353,5.04375,0.051515359,53.10107143,0.697214286,16.421,16,14,38,14.81578947,0.295294747,6.713539813,23.37432432,0.062494032,59.55263158,0.102828465,0.140975678,2.344930047,ON_20171011_MW1147-16_7_00_001.h5,TC,86-73-7,True
20171011,MW1147-16,7,E5,Fluorene,1.0,uM,1.405268235,3.964285714,0.032751648,76.75214286,0.481571429,17.45185714,14,14,37,14.56756757,0.285919133,11.83013145,23.73333333,0.05314269,56.91891892,0.198977225,0.258467823,2.560080103,ON_20171011_MW1147-16_7_00_001.h5,TC,86-73-7,True
20171011,MW1147-16,7,E6,Fluorene,3.0,uM,1.801406659,4.93125,0.047384304,58.614125,0.53625,22.702,16,16,36,15.33333333,0.23220902,6.253610074,24.89285714,0.054048981,45.11111111,0.137948133,0.167752626,2.685445139,ON_20171011_MW1147-16_7_00_001.h5,TC,86-73-7,True
20171011,MW1147-16,7,E7,Fluorene,10.0,uM,1.195976339,3.36,0.040463301,58.19271429,0.397928571,22.108,14,14,35,13.48571429,0.245024943,12.28371417,24.98529412,0.062909663,53.14285714,0.136949568,0.291541881,2.472757398,ON_20171011_MW1147-16_7_00_001.h5,TC,86-73-7,True
20171011,MW1147-16,7,E8,Fluorene,20.0,uM,1.616750164,3.9,0.047090017,50.879,0.4795625,21.8629375,16,16,27,15.51851852,0.233972663,7.761616682,32.50384615,0.038280163,67.0,0.11413146,0.19082541,2.466127308,ON_20171011_MW1147-16_7_00_001.h5,TC,86-73-7,True
20171011,MW1147-16,7,F2,Acenaphthylene,0.0,uM,1.14581367,2.3025,0.040448234,50.35853333,0.3618,30.57866667,16,15,27,15.62962963,0.238792802,7.519070105,32.98269231,0.036411192,46.0,0.129288451,0.242260666,1.211205501,ON_20171011_MW1147-16_7_00_001.h5,TC,208-96-8,False
20171011,MW1147-26,5,A1,Flufenacet,0.03,uM,1.100090003,2.777142857,0.147018055,30.44133333,0.802333333,16.75333333,7,3,0,,,0.0,,,,-1.85e-05,0.717067791,2.316423284,ON_20171011_MW1147-26_5_00_000.h5,TC,142459-58-3,True
20171011,MW1147-26,5,A2,Flufenacet,0.0,uM,0.491085205,0.24,0.166711489,7.302,0.746,33.579,6,1,0,,,0.0,,,,0.000466553,1.053088678,1.59948416,ON_20171011_MW1147-26_5_00_000.h5,TC,142459-58-3,True
20171011,MW1147-26,5,A3,Flufenacet,0.1,uM,0.906853428,3.36,0.067168411,63.326,0.359666667,16.34133333,4,3,0,,,0.0,,,,0.001238398,1.345184119,2.309757647,ON_20171011_MW1147-26_5_00_000.h5,TC,142459-58-3,True
20171011,MW1147-26,5,A4,Flufenacet,0.3,uM,0.898924352,1.668,0.103490787,31.880375,0.535375,39.657875,10,8,0,,,0.0,,,,0.004216591,0.372264952,0.959393355,ON_20171011_MW1147-26_5_00_000.h5,TC,142459-58-3,True
20171011,MW1147-26,5,A5,Flufenacet,1.0,uM,0.930234037,1.89,0.081870341,34.535,0.4365,25.0105,6,2,0,,,0.0,,,,0.002350125,0.847025316,2.394210566,ON_20171011_MW1147-26_5_00_000.h5,TC,142459-58-3,True
20171011,MW1147-26,5,A6,Flufenacet,3.0,uM,0.445802602,0.87,0.045607015,41.2365,0.2495,65.029,4,2,0,,,0.0,,,,0.00361449,1.048951608,1.433799954,ON_20171011_MW1147-26_5_00_000.h5,TC,142459-58-3,True
20171011,MW1147-26,5,A7,Flufenacet,10.0,uM,0.573111405,0.756,0.07247686,18.7875,0.3235,44.656,5,2,0,,,0.0,,,,0.002744879,1.414208693,1.832113434,ON_20171011_MW1147-26_5_00_000.h5,TC,142459-58-3,True
20171011,MW1147-26,5,A8,Flufenacet,20.0,uM,0.24203089,0.1125,0.058801905,11.512,0.274,65.72,8,1,0,,,0.0,,,,0.000777264,0.982769663,2.420885598,ON_20171011_MW1147-26_5_00_000.h5,TC,142459-58-3,True
20171011,MW1147-26,5,B1,Disulfoton,0.03,uM,0.667594942,0.833333333,0.117509112,15.087,0.573666667,29.251,9,3,0,,,0.0,,,,0.001047578,0.838877816,2.29051912,ON_20171011_MW1147-26_5_00_000.h5,TC,298-04-4,True
20171011,MW1147-26,5,B2,Disulfoton,0.0,uM,1.588449011,3.9825,0.08951887,34.59585714,0.527285714,41.37885714,8,7,0,,,0.0,,,,0.002261035,0.370732407,1.855199253,ON_20171011_MW1147-26_5_00_000.h5,TC,298-04-4,True
20171011,MW1147-26,5,B3,Disulfoton,0.1,uM,1.319040628,4.55625,0.085602564,42.27572727,0.568545455,21.88054545,16,11,1,6.0,0.5,0.052545846,,,10.0,0.002706759,0.213323532,2.262208388,ON_20171011_MW1147-26_5_00_000.h5,TC,298-04-4,True
20171011,MW1147-26,5,B4,Disulfoton,0.3,uM,0.412755544,0.66,0.07603745,37.905,0.415,45.57675,10,4,0,,,0.0,,,,0.004792619,0.416189095,1.031158295,ON_20171011_MW1147-26_5_00_000.h5,TC,298-04-4,True
20171011,MW1147-26,5,B5,Disulfoton,1.0,uM,1.337249383,2.982857143,0.082112019,22.51583333,0.446333333,43.21383333,7,6,0,,,0.0,,,,0.002129424,0.679331096,2.152420806,ON_20171011_MW1147-26_5_00_000.h5,TC,298-04-4,True
20171011,MW1147-26,5,B6,Disulfoton,3.0,uM,0.541505997,0.852,0.077116182,30.54433333,0.442,43.227,10,3,0,,,0.0,,,,0.001040173,0.467921203,2.572086119,ON_20171011_MW1147-26_5_00_000.h5,TC,298-04-4,True
20171011,MW1147-26,5,B7,Disulfoton,10.0,uM,0.695002138,2.322857143,0.076996964,58.542,0.466,7.0755,7,2,0,,,0.0,,,,0.000464936,1.103482494,1.686480722,ON_20171011_MW1147-26_5_00_000.h5,TC,298-04-4,True
20171011,MW1147-26,5,B8,Disulfoton,20.0,uM,0.400493596,0.154285714,0.139328421,5.817,0.588,80.546,7,1,0,,,0.0,,,,-7.56e-05,0.876572125,2.505218609,ON_20171011_MW1147-26_5_00_000.h5,TC,298-04-4,True
20171011,MW1147-26,5,C1,Fenitrothion,0.03,uM,0.994877262,3.06,0.103887084,47.30033333,0.611,18.38866667,8,3,0,,,0.0,,,,0.000189554,0.632707343,2.151822793,ON_20171011_MW1147-26_5_00_000.h5,TC,122-14-5,True
20171011,MW1147-26,5,C2,Fenitrothion,0.0,uM,1.384240112,3.978461538,0.103715371,36.860125,0.61575,16.639875,13,8,0,,,0.0,,,,0.001544354,0.464411282,1.14881874,ON_20171011_MW1147-26_5_00_000.h5,TC,122-14-5,True
20171011,MW1147-26,5,C3,Fenitrothion,0.1,uM,1.257285324,3.365,0.104217595,39.846,0.698333333,23.78366667,12,6,0,,,0.0,,,,0.001428872,0.430260487,2.476311828,ON_20171011_MW1147-26_5_00_000.h5,TC,122-14-5,True
20171011,MW1147-26,5,C4,Fenitrothion,0.3,uM,1.496090144,4.576363636,0.098484796,46.2136,0.7812,16.1552,11,5,0,,,0.0,,,,0.001615046,0.31645966,2.330014304,ON_20171011_MW1147-26_5_00_000.h5,TC,122-14-5,True
20171011,MW1147-26,5,C5,Fenitrothion,1.0,uM,0.93334249,3.130909091,0.083752286,38.0834,0.5046,34.1514,11,5,0,,,0.0,,,,0.001157464,0.64630483,2.335125198,ON_20171011_MW1147-26_5_00_000.h5,TC,122-14-5,True
20171011,MW1147-26,5,C6,Fenitrothion,3.0,uM,1.133358854,2.914285714,0.089874211,49.23125,0.7795,18.6945,14,4,0,,,0.0,,,,0.002215233,0.411084061,1.453624341,ON_20171011_MW1147-26_5_00_000.h5,TC,122-14-5,True
20171011,MW1147-26,5,C7,Fenitrothion,10.0,uM,0.93848404,2.034545455,0.11472907,33.0885,0.5945,11.2675,11,4,0,,,0.0,,,,0.000418701,0.378793597,1.095904476,ON_20171011_MW1147-26_5_00_000.h5,TC,122-14-5,True
20171011,MW1147-26,5,C8,Fenitrothion,20.0,uM,2.023411512,5.64,0.077723006,82.2805,2.0245,2.429,5,2,0,,,0.0,,,,0.001732294,1.120695678,2.388560625,ON_20171011_MW1147-26_5_00_000.h5,TC,122-14-5,True
20171011,MW1147-26,5,D1,Benzo(b)fluoranthene,0.03,uM,1.48563902,3.133333333,0.138195874,25.364,0.7632,15.5796,9,5,0,,,0.0,,,,0.000114184,0.440422048,1.539443442,ON_20171011_MW1147-26_5_00_000.h5,TC,205-99-2,True
20171011,MW1147-26,5,D2,Benzo(b)fluoranthene,0.0,uM,0.896151947,2.946,0.063143876,50.6554,0.4092,13.5872,10,5,0,,,0.0,,,,0.002838018,0.629174548,2.529369808,ON_20171011_MW1147-26_5_00_000.h5,TC,205-99-2,True
20171011,MW1147-26,5,D3,Benzo(b)fluoranthene,0.1,uM,0.631368859,1.826666667,0.06442991,47.22666667,0.447,18.192,9,3,0,,,0.0,,,,0.001852308,0.760151492,1.757434406,ON_20171011_MW1147-26_5_00_000.h5,TC,205-99-2,True
20171011,MW1147-26,5,D4,Benzo(b)fluoranthene,0.3,uM,0.865267364,1.3725,0.120104355,18.46166667,0.573666667,58.63066667,8,3,0,,,0.0,,,,0.000538703,0.549380288,1.453965157,ON_20171011_MW1147-26_5_00_000.h5,TC,205-99-2,True
20171011,MW1147-26,5,D5,Benzo(b)fluoranthene,1.0,uM,0.802518615,1.12,0.092869419,23.32033333,0.473666667,43.13366667,9,3,0,,,0.0,,,,0.000116287,0.589095172,2.506858539,ON_20171011_MW1147-26_5_00_000.h5,TC,205-99-2,True
20171011,MW1147-26,5,D6,Benzo(b)fluoranthene,3.0,uM,1.271285965,3.6825,0.094899747,71.066,0.958,3.8025,8,2,0,,,0.0,,,,0.000471177,0.779763851,1.620272701,ON_20171011_MW1147-26_5_00_000.h5,TC,205-99-2,True
20171011,MW1147-26,5,D7,Benzo(b)fluoranthene,10.0,uM,0.26116048,0.015,,0.0,,,4,0,0,,,0.0,,,,0.000153273,1.737921617,2.101021133,ON_20171011_MW1147-26_5_00_000.h5,TC,205-99-2,True
20171011,MW1147-26,5,E1,Fluorene,0.03,uM,1.383337303,2.57,0.094175341,45.3588,1.1028,21.7722,12,5,0,,,0.0,,,,0.001159757,0.530145726,2.534470571,ON_20171011_MW1147-26_5_00_000.h5,TC,86-73-7,True
20171011,MW1147-26,5,E2,Fluorene,0.0,uM,1.611018902,5.781818182,0.080241752,57.61714286,0.607428571,17.63728571,11,7,0,,,0.0,,,,0.00197973,0.405230819,1.476443874,ON_20171011_MW1147-26_5_00_000.h5,TC,86-73-7,True
20171011,MW1147-26,5,E3,Fluorene,0.1,uM,0.252427406,0.6825,0.10310794,46.29266667,0.465333333,42.97233333,8,3,0,,,0.0,,,,0.002038534,0.926753919,1.268711828,ON_20171011_MW1147-26_5_00_000.h5,TC,86-73-7,True
20171011,MW1147-26,5,E4,Fluorene,0.3,uM,1.060537036,2.405,0.084262901,40.698,0.572333333,48.2085,12,6,0,,,0.0,,,,0.001582591,0.399105732,2.365448364,ON_20171011_MW1147-26_5_00_000.h5,TC,86-73-7,True
20171011,MW1147-26,5,E5,Fluorene,1.0,uM,1.589221323,5.794285714,0.085158113,48.28463636,0.542454545,18.73281818,14,11,1,8.0,0.29,0.044780575,,,9.0,0.003339039,0.332942204,1.528791729,ON_20171011_MW1147-26_5_00_000.h5,TC,86-73-7,True
20171011,MW1147-26,5,E6,Fluorene,3.0,uM,0.676637245,1.643076923,0.079957193,38.5374,0.4018,21.1676,13,5,0,,,0.0,,,,0.000485252,0.605442882,2.284048715,ON_20171011_MW1147-26_5_00_000.h5,TC,86-73-7,True
20171011,MW1147-26,5,E7,Fluorene,10.0,uM,0.761024965,1.305,0.120778743,23.203,0.55275,30.391,12,4,0,,,0.0,,,,0.000145488,0.367186708,2.1197057,ON_20171011_MW1147-26_5_00_000.h5,TC,86-73-7,True
20171011,MW1147-26,5,E8,Fluorene,20.0,uM,0.562576269,0.654,0.078211119,31.16666667,0.399,33.767,10,3,0,,,0.0,,,,0.000891534,0.528720033,1.099294642,ON_20171011_MW1147-26_5_00_000.h5,TC,86-73-7,True
20171011,MW1147-26,5,F2,Acenaphthylene,0.0,uM,0.683813506,0.705,0.129296582,30.221,0.912,10.703,8,1,0,,,0.0,,,,0.000372346,0.617634859,1.290910121,ON_20171011_MW1147-26_5_00_000.h5,TC,208-96-8,False
20171011,MW1147-26,5,D8,Benzo(b)fluoranthene,20.0,uM,0.0,0.0,,0.0,,,0,0,0,,,0.0,,,,0.0,0.0,0.0,ON_20171011_MW1147-26_5_00_000.h5,TC,205-99-2,True
20171011,MW1147-26,7,A1,Flufenacet,0.03,uM,1.51390285,3.625,0.056767254,55.14881818,1.179909091,21.64809091,12,11,23,12.0,0.155939559,3.815686037,37.50909091,0.027399694,27.43478261,0.062946007,0.275351123,1.737169891,ON_20171011_MW1147-26_7_00_000.h5,TC,142459-58-3,True
20171011,MW1147-26,7,A2,Flufenacet,0.0,uM,1.131691101,3.032,0.061197491,47.39607143,0.467571429,28.36135714,15,14,32,12.8125,0.223521205,6.838718065,28.57741935,0.062257345,32.875,0.079812486,0.252607379,2.020429173,ON_20171011_MW1147-26_7_00_000.h5,TC,142459-58-3,True
20171011,MW1147-26,7,A3,Flufenacet,0.1,uM,0.742727702,1.96875,0.039570658,57.86069231,0.337,31.42315385,16,13,28,13.5,0.206005592,9.028166387,31.39814815,0.096549274,34.57142857,0.125606343,0.310822562,0.91699142,ON_20171011_MW1147-26_7_00_000.h5,TC,142459-58-3,True
20171011,MW1147-26,7,A4,Flufenacet,0.3,uM,1.192298938,2.76,0.042210971,60.578,0.5291875,28.66075,16,16,26,15.61538462,0.278843067,9.818731118,34.788,0.06118742,65.0,0.142006495,0.308367391,1.852600087,ON_20171011_MW1147-26_7_00_000.h5,TC,142459-58-3,True
20171011,MW1147-26,7,A5,Flufenacet,1.0,uM,1.567611258,4.335,0.038983741,50.87626667,0.387133333,24.76226667,16,15,28,15.28571429,0.214341341,6.937693327,31.57592593,0.057654208,56.07142857,0.111148927,0.191909712,1.991152937,ON_20171011_MW1147-26_7_00_000.h5,TC,142459-58-3,True
20171011,MW1147-26,7,A6,Flufenacet,3.0,uM,1.19530425,2.829230769,0.045911025,44.42133333,0.4215,29.19375,13,12,24,12.83333333,0.21442791,7.929170815,37.55,0.04112067,46.45833333,0.06822808,0.385555322,0.943423971,ON_20171011_MW1147-26_7_00_000.h5,TC,142459-58-3,True
20171011,MW1147-26,7,A7,Flufenacet,10.0,uM,1.051111277,2.334545455,0.049085419,57.23675,0.449375,26.768625,11,8,22,11.86363636,0.181376263,7.190651211,40.55952381,0.052964677,34.68181818,0.079597294,0.473872617,1.412126708,ON_20171011_MW1147-26_7_00_000.h5,TC,142459-58-3,True
20171011,MW1147-26,7,A8,Flufenacet,20.0,uM,0.676421141,2.154,0.065001313,46.964,0.413571429,19.84728571,10,7,20,10.05,0.141063988,5.712012729,44.26315789,0.043580931,17.95,0.049898597,0.608345914,1.253270471,ON_20171011_MW1147-26_7_00_000.h5,TC,142459-58-3,True
20171011,MW1147-26,7,B1,Disulfoton,0.03,uM,1.364448205,3.381428571,0.055063498,50.09908333,0.48425,24.88216667,14,12,44,11.81818182,0.194873143,7.721291519,19.39302326,0.055741698,30.27272727,0.084169734,0.30001262,2.387485149,ON_20171011_MW1147-26_7_00_000.h5,TC,298-04-4,True
20171011,MW1147-26,7,B2,Disulfoton,0.0,uM,1.25560374,3.004,0.049808095,66.00876923,0.705769231,18.97646154,15,13,39,12.33333333,0.26853022,8.444653681,22.56710526,0.049101837,36.79487179,0.116866589,0.247339202,2.033763859,ON_20171011_MW1147-26_7_00_000.h5,TC,298-04-4,True
20171011,MW1147-26,7,B3,Disulfoton,0.1,uM,2.203591769,5.3025,0.046018747,68.82833333,0.7964,17.2342,16,15,27,15.03703704,0.32546627,7.170475622,32.125,0.072384187,84.48148148,0.144002916,0.229622972,2.318904097,ON_20171011_MW1147-26_7_00_000.h5,TC,298-04-4,True
20171011,MW1147-26,7,B4,Disulfoton,0.3,uM,0.683569947,1.99875,0.040415355,59.97946667,0.3978,36.24446667,16,15,33,13.15151515,0.209836897,13.21443048,26.284375,0.036341862,39.51515152,0.146863073,0.36955102,1.61761179,ON_20171011_MW1147-26_7_00_000.h5,TC,298-04-4,True
20171011,MW1147-26,7,B5,Disulfoton,1.0,uM,1.364784666,2.44875,0.061208441,45.735,0.619928571,22.2635,16,14,25,13.44,0.2691,4.542686022,33.37708333,0.059689334,35.8,0.056842255,0.198381382,1.950314374,ON_20171011_MW1147-26_7_00_000.h5,TC,298-04-4,True
20171011,MW1147-26,7,B6,Disulfoton,3.0,uM,1.342941092,2.648,0.039738856,58.90323077,0.693,27.899,15,13,25,14.6,0.241801082,9.258140684,35.41041667,0.075371536,67.44,0.14544389,0.308667947,2.004696604,ON_20171011_MW1147-26_7_00_000.h5,TC,298-04-4,True
20171011,MW1147-26,7,B7,Disulfoton,10.0,uM,0.846911853,2.355,0.047306616,54.6704,0.417266667,30.63673333,16,15,22,14.90909091,0.217832013,9.389824963,38.62619048,0.072828849,52.18181818,0.110525245,0.396347279,1.852683858,ON_20171011_MW1147-26_7_00_000.h5,TC,298-04-4,True
20171011,MW1147-26,7,B8,Disulfoton,20.0,uM,0.665781057,1.698,0.065838065,49.0235,0.4555,48.34566667,10,6,13,12.69230769,0.126969697,5.019984013,72.60416667,0.011066824,24.15384615,0.07992716,0.462435057,2.667500418,ON_20171011_MW1147-26_7_00_000.h5,TC,298-04-4,True
20171011,MW1147-26,7,C1,Fenitrothion,0.03,uM,1.083819962,2.64,0.047027023,53.17942857,0.573571429,27.50792857,16,14,28,14.35714286,0.219980545,9.945033874,31.86296296,0.059785277,55.57142857,0.118097516,0.270471189,1.661635747,ON_20171011_MW1147-26_7_00_000.h5,TC,122-14-5,True
20171011,MW1147-26,7,C2,Fenitrothion,0.0,uM,2.547634989,5.608,0.049725467,62.64157143,0.769571429,12.40771429,15,14,58,13.53448276,0.350069444,7.297093898,15.48508772,0.070101867,43.46551724,0.126249788,0.245183525,2.05591008,ON_20171011_MW1147-26_7_00_000.h5,TC,122-14-5,True
20171011,MW1147-26,7,C3,Fenitrothion,0.1,uM,1.964744061,5.14125,0.049001212,62.3126,0.628866667,23.9614,16,15,53,12.20754717,0.304798218,5.619997885,16.68365385,0.100049667,30.0754717,0.090045353,0.31092881,1.958572664,ON_20171011_MW1147-26_7_00_000.h5,TC,122-14-5,True
20171011,MW1147-26,7,C4,Fenitrothion,0.3,uM,1.122972144,2.912,0.037297682,56.57664286,0.459642857,28.99828571,15,14,36,12.25,0.286665013,9.283505494,24.52857143,0.074311038,39.19444444,0.118915424,0.245380186,2.336811109,ON_20171011_MW1147-26_7_00_000.h5,TC,122-14-5,True
20171011,MW1147-26,7,C5,Fenitrothion,1.0,uM,1.803757381,5.02875,0.051155396,55.0769375,0.5015625,20.73475,16,16,31,13.96774194,0.24422107,5.760589884,28.86166667,0.06978013,48.38709677,0.084537127,0.177858054,1.974704478,ON_20171011_MW1147-26_7_00_000.h5,TC,122-14-5,True
20171011,MW1147-26,7,C6,Fenitrothion,3.0,uM,2.11186657,5.185714286,0.046021498,66.03269231,0.627692308,15.43253846,14,13,38,13.55263158,0.370402569,7.268920132,22.95675676,0.093044318,51.15789474,0.137082384,0.387876415,1.325566821,ON_20171011_MW1147-26_7_00_000.h5,TC,122-14-5,True
20171011,MW1147-26,7,C7,Fenitrothion,10.0,uM,1.820414839,4.088,0.06576679,42.67613333,0.612266667,29.62173333,15,15,25,12.32,0.177496825,3.536664504,35.91875,0.03614308,34.88,0.039097944,0.205236183,2.181046605,ON_20171011_MW1147-26_7_00_000.h5,TC,122-14-5,True
20171011,MW1147-26,7,C8,Fenitrothion,20.0,uM,1.086808527,3.18,0.099437442,44.3458,0.5992,16.3982,14,5,2,9.0,0.186041667,0.11599246,96.1,0.005008673,8.0,0.003703907,0.237308172,1.865878948,ON_20171011_MW1147-26_7_00_000.h5,TC,122-14-5,True
20171011,MW1147-26,7,D1,Benzo(b)fluoranthene,0.03,uM,1.468700968,3.696,0.050300903,48.71253333,0.475466667,26.23966667,15,15,25,14.6,0.211368001,7.664490206,34.00208333,0.033216981,61.04,0.112542703,0.26707145,2.251097466,ON_20171011_MW1147-26_7_00_000.h5,TC,205-99-2,True
20171011,MW1147-26,7,D2,Benzo(b)fluoranthene,0.0,uM,1.51641971,4.35,0.054974587,49.45966667,0.479,19.56366667,16,15,39,13.02564103,0.231043447,7.820565529,22.73947368,0.060461545,43.8974359,0.090411375,0.19271674,2.386414856,ON_20171011_MW1147-26_7_00_000.h5,TC,205-99-2,True
20171011,MW1147-26,7,D3,Benzo(b)fluoranthene,0.1,uM,1.045757649,3.12,0.057342924,53.66330769,0.516846154,29.38784615,15,13,21,13.76190476,0.201835962,6.722511615,41.795,0.03344156,45.47619048,0.085476957,0.233850948,1.178471389,ON_20171011_MW1147-26_7_00_000.h5,TC,205-99-2,True
20171011,MW1147-26,7,D4,Benzo(b)fluoranthene,0.3,uM,1.66496723,4.328571429,0.057680218,56.37561538,0.638692308,29.13630769,14,13,30,12.66666667,0.191683532,5.934774365,29.08275862,0.042295069,41.73333333,0.094967731,0.280703677,1.321763169,ON_20171011_MW1147-26_7_00_000.h5,TC,205-99-2,True
20171011,MW1147-26,7,D5,Benzo(b)fluoranthene,1.0,uM,1.495375066,4.0,0.0577822,44.41028571,0.502428571,26.6395,15,14,36,12.25,0.214128713,5.88670315,24.84142857,0.067280608,33.16666667,0.067708681,0.264423508,2.49896582,ON_20171011_MW1147-26_7_00_000.h5,TC,205-99-2,True
20171011,MW1147-26,7,D6,Benzo(b)fluoranthene,3.0,uM,1.21165534,2.927142857,0.055369763,41.7408,0.4394,24.1451,14,10,25,13.12,0.163060823,5.537141743,35.525,0.045467983,34.08,0.058421797,0.275619982,2.297420526,ON_20171011_MW1147-26_7_00_000.h5,TC,205-99-2,True
20171011,MW1147-26,7,D7,Benzo(b)fluoranthene,10.0,uM,0.472338428,0.625,0.059380652,44.45566667,0.329,32.09333333,12,3,2,9.5,0.105138889,0.34562212,190.15,0.051658079,9.0,0.014720465,0.434071775,1.164850493,ON_20171011_MW1147-26_7_00_000.h5,TC,205-99-2,True
20171011,MW1147-26,7,D8,Benzo(b)fluoranthene,20.0,uM,0.306179486,0.39,0.025673786,35.632,0.126,39.581,4,1,0,,,0.0,,,,0.00866903,1.409306375,1.790341349,ON_20171011_MW1147-26_7_00_000.h5,TC,205-99-2,True
20171011,MW1147-26,7,E1,Fluorene,0.03,uM,1.863607851,3.7125,0.039700916,67.4448125,0.699625,24.9441875,16,16,32,14.96875,0.284732143,9.322380404,27.10806452,0.062281202,78.375,0.200258117,0.240932405,1.794007399,ON_20171011_MW1147-26_7_00_000.h5,TC,86-73-7,True
20171011,MW1147-26,7,E2,Fluorene,0.0,uM,2.197357345,5.6925,0.054328242,56.00078571,0.709428571,19.68385714,16,14,41,13.82926829,0.241878981,6.535102929,22.09,0.062294483,50.56097561,0.086613941,0.235135652,2.417914979,ON_20171011_MW1147-26_7_00_000.h5,TC,86-73-7,True
20171011,MW1147-26,7,E3,Fluorene,0.1,uM,1.182453166,2.392,0.035773097,67.79363636,0.665909091,26.12381818,15,11,44,13.09090909,0.19680533,10.86023512,19.61860465,0.05670801,39.68181818,0.148015428,0.29468513,1.867863653,ON_20171011_MW1147-26_7_00_000.h5,TC,86-73-7,True
20171011,MW1147-26,7,E4,Fluorene,0.3,uM,1.821352311,4.6725,0.043757193,60.02646667,0.557133333,20.06693333,16,15,40,14.525,0.271690972,6.343893812,21.37564103,0.059884723,41.7,0.131345379,0.228270254,1.725776115,ON_20171011_MW1147-26_7_00_000.h5,TC,86-73-7,True
20171011,MW1147-26,7,E5,Fluorene,1.0,uM,2.667571451,6.50625,0.049615481,63.508,0.7465625,13.7373125,16,16,40,14.575,0.30256604,6.990573632,22.21410256,0.054672193,67.3,0.140167787,0.171705282,1.915194751,ON_20171011_MW1147-26_7_00_000.h5,TC,86-73-7,True
20171011,MW1147-26,7,E6,Fluorene,3.0,uM,1.58181189,4.21125,0.033598474,68.8898125,0.4255625,18.908625,16,16,40,14.375,0.268682833,9.83577841,22.67948718,0.075924264,56.15,0.198650907,0.224657743,2.25939412,ON_20171011_MW1147-26_7_00_000.h5,TC,86-73-7,True
20171011,MW1147-26,7,E7,Fluorene,10.0,uM,1.756929931,5.265,0.051028485,65.391875,0.5103125,17.788625,16,16,38,15.15789474,0.23616933,8.792335292,23.08513514,0.035723208,58.68421053,0.156988737,0.212093043,0.870964757,ON_20171011_MW1147-26_7_00_000.h5,TC,86-73-7,True
20171011,MW1147-26,7,E8,Fluorene,20.0,uM,1.266280769,3.222857143,0.041056282,54.37135714,0.397214286,26.3245,14,14,26,14.57692308,0.228997517,7.969167651,34.864,0.035246401,49.30769231,0.133726508,0.224218633,1.467137713,ON_20171011_MW1147-26_7_00_000.h5,TC,86-73-7,True
20171011,MW1147-26,7,F2,Acenaphthylene,0.0,uM,0.950786947,2.026153846,0.051665124,53.12291667,0.5365,33.57058333,13,12,26,14.03846154,0.194740156,9.601915063,34.516,0.07382545,41.65384615,0.112289139,0.307725818,0.81836674,ON_20171011_MW1147-26_7_00_000.h5,TC,208-96-8,False
20171011,MW1147-27,5,A1,Flufenacet,0.0,uM,0.55432979,0.44,0.098186605,10.8355,0.466,48.7705,9,2,0,,,0.0,,,,0.001064915,0.550974549,1.938405191,ON_20171011_MW1147-27_5_00_000.h5,TC,142459-58-3,True
20171011,MW1147-27,5,A2,Flufenacet,0.03,uM,1.084698228,2.808,0.111665036,39.16575,0.787,23.256,10,4,0,,,0.0,,,,0.001602509,0.903990532,1.795649488,ON_20171011_MW1147-27_5_00_000.h5,TC,142459-58-3,True
20171011,MW1147-27,5,A3,Flufenacet,0.1,uM,1.049819847,2.1825,0.096264628,39.4454,0.8174,40.092,8,5,0,,,0.0,,,,0.066791727,1.094364911,2.594062031,ON_20171011_MW1147-27_5_00_000.h5,TC,142459-58-3,True
20171011,MW1147-27,5,A4,Flufenacet,0.3,uM,0.747235324,1.125,0.087399282,32.4705,0.504,26.44475,8,4,0,,,0.0,,,,0.003891586,0.518079653,1.162519138,ON_20171011_MW1147-27_5_00_000.h5,TC,142459-58-3,True
20171011,MW1147-27,5,A5,Flufenacet,1.0,uM,0.870032629,0.92,0.073430731,19.04766667,0.536,44.53966667,9,3,0,,,0.0,,,,0.004105806,0.533076881,2.462294409,ON_20171011_MW1147-27_5_00_000.h5,TC,142459-58-3,True
20171011,MW1147-27,5,A6,Flufenacet,3.0,uM,0.896916699,1.4,0.097789186,22.73,0.523,44.2564,9,5,0,,,0.0,,,,0.005155102,0.58953537,2.000905468,ON_20171011_MW1147-27_5_00_000.h5,TC,142459-58-3,True
20171011,MW1147-27,5,A7,Flufenacet,10.0,uM,0.68702364,1.613333333,0.066650522,56.95866667,0.354666667,20.171,9,3,0,,,0.0,,,,0.001113561,1.049960921,1.993501802,ON_20171011_MW1147-27_5_00_000.h5,TC,142459-58-3,True
20171011,MW1147-27,5,A8,Flufenacet,20.0,uM,0.661496105,0.72,0.069106823,20.758,0.363,23.628,7,2,0,,,0.0,,,,0.000177247,0.877400389,1.72100878,ON_20171011_MW1147-27_5_00_000.h5,TC,142459-58-3,True
20171011,MW1147-27,5,B1,Disulfoton,0.0,uM,1.088487719,1.782857143,0.097982827,28.26,0.5925,26.3235,14,6,1,8.0,0.115,0.06533101,,,9.0,0.002161999,0.416866974,2.462691967,ON_20171011_MW1147-27_5_00_000.h5,TC,298-04-4,True
20171011,MW1147-27,5,B2,Disulfoton,0.03,uM,1.746601294,4.77,0.092331466,47.491625,0.80125,24.920125,12,8,1,6.0,0.275,0.04743833,,,9.0,0.003985171,0.278198732,1.552235591,ON_20171011_MW1147-27_5_00_000.h5,TC,298-04-4,True
20171011,MW1147-27,5,B3,Disulfoton,0.1,uM,1.65780987,3.82,0.097479787,41.9705,0.980833333,19.1355,12,6,0,,,0.0,,,,0.002607014,0.319934068,1.272838686,ON_20171011_MW1147-27_5_00_000.h5,TC,298-04-4,True
20171011,MW1147-27,5,B4,Disulfoton,0.3,uM,0.739435244,0.46,0.127075357,10.977,0.587,49.6795,9,2,0,,,0.0,,,,-9.3e-06,0.45439409,1.462420797,ON_20171011_MW1147-27_5_00_000.h5,TC,298-04-4,True
20171011,MW1147-27,5,B5,Disulfoton,1.0,uM,0.905811257,1.26,0.079074262,16.615,0.3874,50.6556,8,5,0,,,0.0,,,,0.000449933,0.391873234,1.009010017,ON_20171011_MW1147-27_5_00_000.h5,TC,298-04-4,True
20171011,MW1147-27,5,B6,Disulfoton,3.0,uM,1.05661794,2.374285714,0.104044728,27.76375,0.573,14.0085,7,4,0,,,0.0,,,,-0.000135513,0.626268881,2.501091018,ON_20171011_MW1147-27_5_00_000.h5,TC,298-04-4,True
20171011,MW1147-27,5,B7,Disulfoton,10.0,uM,0.87221718,1.131428571,0.092060783,21.12957143,0.508,51.80357143,14,7,0,,,0.0,,,,0.00099043,0.294960457,2.706819148,ON_20171011_MW1147-27_5_00_000.h5,TC,298-04-4,True
20171011,MW1147-27,5,B8,Disulfoton,20.0,uM,0.349338757,0.2475,0.079855716,10.9075,0.373,47.2745,8,2,0,,,0.0,,,,-4.03e-05,0.51318262,1.430259348,ON_20171011_MW1147-27_5_00_000.h5,TC,298-04-4,True
20171011,MW1147-27,5,C1,Fenitrothion,0.0,uM,1.383018913,2.205,0.089600307,31.14025,0.56575,30.58875,12,4,0,,,0.0,,,,0.003393577,0.505157961,2.30955973,ON_20171011_MW1147-27_5_00_000.h5,TC,122-14-5,True
20171011,MW1147-27,5,C2,Fenitrothion,0.03,uM,0.865568394,2.12,0.081889024,38.9813,0.4716,26.3903,15,10,1,8.0,0.115,0.076778707,,,9.0,0.00591222,0.301649065,2.146412547,ON_20171011_MW1147-27_5_00_000.h5,TC,122-14-5,True
20171011,MW1147-27,5,C3,Fenitrothion,0.1,uM,0.607573814,1.08,0.106202895,20.762,0.55575,27.488,12,4,0,,,0.0,,,,0.001770535,0.510014425,1.694253674,ON_20171011_MW1147-27_5_00_000.h5,TC,122-14-5,True
20171011,MW1147-27,5,C4,Fenitrothion,0.3,uM,0.34661952,0.474,0.070774436,34.9535,0.3655,29.958,10,2,0,,,0.0,,,,0.003740046,0.397631158,1.902559501,ON_20171011_MW1147-27_5_00_000.h5,TC,122-14-5,True
20171011,MW1147-27,5,C5,Fenitrothion,1.0,uM,0.802175017,0.96,0.118765497,19.75675,0.624,31.7645,12,4,0,,,0.0,,,,0.002628474,0.43409905,2.520815368,ON_20171011_MW1147-27_5_00_000.h5,TC,122-14-5,True
20171011,MW1147-27,5,C6,Fenitrothion,3.0,uM,0.889887378,2.18,0.08057502,33.3616,0.4604,37.2262,9,5,0,,,0.0,,,,0.010389806,0.805252126,2.257739469,ON_20171011_MW1147-27_5_00_000.h5,TC,122-14-5,True
20171011,MW1147-27,5,C7,Fenitrothion,10.0,uM,1.181049254,3.193333333,0.086937984,29.9504,0.5572,24.4752,9,5,0,,,0.0,,,,0.002529803,0.425169503,1.311762283,ON_20171011_MW1147-27_5_00_000.h5,TC,122-14-5,True
20171011,MW1147-27,5,C8,Fenitrothion,20.0,uM,0.923847015,0.0975,0.060138,9.159,0.267,107.041,8,1,0,,,0.0,,,,0.001336173,0.955648897,2.479530299,ON_20171011_MW1147-27_5_00_000.h5,TC,122-14-5,True
20171011,MW1147-27,5,D1,Benzo(b)fluoranthene,0.0,uM,1.586591749,2.165,0.099192233,39.65833333,3.455833333,22.38016667,12,6,0,,,0.0,,,,0.001398921,0.376306374,2.39601315,ON_20171011_MW1147-27_5_00_000.h5,TC,205-99-2,True
20171011,MW1147-27,5,D2,Benzo(b)fluoranthene,0.03,uM,1.396060153,2.08,0.102695603,45.879,1.7256,12.6266,12,5,0,,,0.0,,,,0.002292542,0.533097843,1.654068277,ON_20171011_MW1147-27_5_00_000.h5,TC,205-99-2,True
20171011,MW1147-27,5,D3,Benzo(b)fluoranthene,0.1,uM,1.115341359,3.316363636,0.086582559,43.358,0.5562,26.3082,11,5,0,,,0.0,,,,0.001273693,0.470590704,1.350745301,ON_20171011_MW1147-27_5_00_000.h5,TC,205-99-2,True
20171011,MW1147-27,5,D4,Benzo(b)fluoranthene,0.3,uM,0.749775271,1.869230769,0.073260339,27.50375,0.376125,29.7195,13,8,3,7.333333333,0.139722222,0.340638129,122.475,0.066667101,10.0,0.004879688,0.351858481,2.112372009,ON_20171011_MW1147-27_5_00_000.h5,TC,205-99-2,True
20171011,MW1147-27,5,D5,Benzo(b)fluoranthene,1.0,uM,0.947214222,2.94,0.08370892,58.367,0.749333333,24.56466667,7,3,0,,,0.0,,,,0.001908069,0.774625451,2.311855387,ON_20171011_MW1147-27_5_00_000.h5,TC,205-99-2,True
20171011,MW1147-27,5,D6,Benzo(b)fluoranthene,3.0,uM,0.992466137,2.04,0.105501697,33.36225,0.5635,19.93675,10,4,0,,,0.0,,,,0.000882306,0.516006523,2.52673824,ON_20171011_MW1147-27_5_00_000.h5,TC,205-99-2,True
20171011,MW1147-27,5,D7,Benzo(b)fluoranthene,10.0,uM,0.144286063,0.0,,0.0,,,1,0,0,,,0.0,,,,-0.000136733,1.965308782,2.824489953,ON_20171011_MW1147-27_5_00_000.h5,TC,205-99-2,True
20171011,MW1147-27,5,D8,Benzo(b)fluoranthene,20.0,uM,0.336297517,0.0,,0.0,,,3,0,0,,,0.0,,,,-0.000567247,0.889234021,1.532754139,ON_20171011_MW1147-27_5_00_000.h5,TC,205-99-2,True
20171011,MW1147-27,5,E1,Fluorene,0.0,uM,0.918103319,1.692,0.07079729,37.4964,0.6256,21.615,10,5,1,6.0,0.35,0.106622438,,,9.0,0.006409857,0.468628229,2.264291927,ON_20171011_MW1147-27_5_00_000.h5,TC,86-73-7,True
20171011,MW1147-27,5,E2,Fluorene,0.03,uM,1.099983037,3.154285714,0.092702674,45.7155,0.589333333,9.014,14,6,0,,,0.0,,,,0.005555716,0.292219546,1.831641186,ON_20171011_MW1147-27_5_00_000.h5,TC,86-73-7,True
20171011,MW1147-27,5,E3,Fluorene,0.1,uM,0.978840068,2.238461538,0.108278174,29.37483333,0.650166667,24.1705,13,6,1,9.0,0.1325,0.078233658,,,9.0,0.002749379,0.587992949,1.319819907,ON_20171011_MW1147-27_5_00_000.h5,TC,86-73-7,True
20171011,MW1147-27,5,E4,Fluorene,0.3,uM,0.58069591,0.48,0.083143685,27.80766667,0.431666667,43.29166667,10,3,0,,,0.0,,,,0.000662822,0.335883736,2.550615926,ON_20171011_MW1147-27_5_00_000.h5,TC,86-73-7,True
20171011,MW1147-27,5,E5,Fluorene,1.0,uM,0.741152257,1.767692308,0.069432144,41.0295,0.396166667,40.78333333,13,6,1,8.0,0.08,0.125527787,,,11.0,0.011962628,0.479905838,2.72378665,ON_20171011_MW1147-27_5_00_000.h5,TC,86-73-7,True
20171011,MW1147-27,5,E6,Fluorene,3.0,uM,0.617544351,0.378,0.09639314,18.72633333,0.552,66.95133333,10,3,0,,,0.0,,,,0.001322338,0.931924379,2.494100395,ON_20171011_MW1147-27_5_00_000.h5,TC,86-73-7,True
20171011,MW1147-27,5,E7,Fluorene,10.0,uM,0.346397541,0.408,0.068185053,20.4925,0.3535,38.9705,10,2,0,,,0.0,,,,0.001086327,0.793632889,1.306941657,ON_20171011_MW1147-27_5_00_000.h5,TC,86-73-7,True
20171011,MW1147-27,5,E8,Fluorene,20.0,uM,1.062167404,2.245714286,0.081945248,28.6535,0.44575,42.87675,7,4,0,,,0.0,,,,0.003178415,0.890622157,1.462229215,ON_20171011_MW1147-27_5_00_000.h5,TC,86-73-7,True
20171011,MW1147-27,5,F1,Acenaphthylene,0.0,uM,1.590879971,1.930909091,0.108577828,15.81675,0.639875,31.275375,11,8,0,,,0.0,,,,0.002897517,0.322175722,2.28085009,ON_20171011_MW1147-27_5_00_000.h5,TC,208-96-8,False
20171011,MW1147-27,7,A1,Flufenacet,0.0,uM,1.782224798,4.744285714,0.061047363,55.04309091,0.660545455,19.66463636,14,11,36,12.80555556,0.192652192,5.80041492,25.94714286,0.047371264,38.05555556,0.093165443,0.240505301,1.232556939,ON_20171011_MW1147-27_7_00_000.h5,TC,142459-58-3,True
20171011,MW1147-27,7,A2,Flufenacet,0.03,uM,1.033526027,2.29125,0.041735008,53.52473333,0.4604,35.0364,16,15,25,15.28,0.265172619,8.316806346,36.70208333,0.068442763,52.0,0.141470354,0.297970016,0.867020982,ON_20171011_MW1147-27_7_00_000.h5,TC,142459-58-3,True
20171011,MW1147-27,7,A3,Flufenacet,0.1,uM,1.268521894,3.108,0.041192532,57.00733333,0.505133333,27.41473333,15,15,28,14.53571429,0.248498441,9.879009879,31.71296296,0.079147598,63.57142857,0.134772593,0.266441352,1.369012143,ON_20171011_MW1147-27_7_00_000.h5,TC,142459-58-3,True
20171011,MW1147-27,7,A4,Flufenacet,0.3,uM,1.151162813,3.112,0.037498206,62.42638462,0.444538462,25.47092308,15,13,31,13.48387097,0.315241935,9.197998047,30.08666667,0.091497958,48.61290323,0.133715609,0.275073695,1.003603884,ON_20171011_MW1147-27_7_00_000.h5,TC,142459-58-3,True
20171011,MW1147-27,7,A5,Flufenacet,1.0,uM,1.595843706,3.312,0.04240335,51.76186667,0.4772,29.9468,15,15,26,14.46153846,0.274732143,7.340787555,34.93,0.057021178,63.88461538,0.12804959,0.224477938,0.825823093,ON_20171011_MW1147-27_7_00_000.h5,TC,142459-58-3,True
20171011,MW1147-27,7,A6,Flufenacet,3.0,uM,1.851438243,4.572,0.046794851,55.75846667,0.467133333,18.176,15,15,32,14.28125,0.27952505,7.618757381,28.32580645,0.072560937,62.5,0.121567825,0.19979,0.492303009,ON_20171011_MW1147-27_7_00_000.h5,TC,142459-58-3,True
20171011,MW1147-27,7,A7,Flufenacet,10.0,uM,1.044822421,1.92,0.044590224,46.41116667,0.412333333,35.67025,13,12,26,13.19230769,0.180180479,8.8226229,36.558,0.027783409,44.03846154,0.113507439,0.359811396,1.106285873,ON_20171011_MW1147-27_7_00_000.h5,TC,142459-58-3,True
20171011,MW1147-27,7,A8,Flufenacet,20.0,uM,0.743871991,1.855714286,0.05669879,44.75,0.405333333,39.58258333,14,12,20,14.6,0.138134244,8.329979879,48.34736842,0.044990467,41.4,0.096540268,0.316571242,0.987796417,ON_20171011_MW1147-27_7_00_000.h5,TC,142459-58-3,True
20171011,MW1147-27,7,B1,Disulfoton,0.0,uM,2.122857566,4.65375,0.049704898,61.649125,1.0286875,23.5155,16,16,29,15.03448276,0.298678161,6.842957703,30.96607143,0.078605284,75.75862069,0.124035528,0.244742601,0.9774616,ON_20171011_MW1147-27_7_00_000.h5,TC,298-04-4,True
20171011,MW1147-27,7,B2,Disulfoton,0.03,uM,1.74484795,4.17,0.054511897,66.68275,0.898625,25.724875,16,16,26,14.57692308,0.28660409,7.465231725,35.228,0.10107922,75.76923077,0.158434112,0.20577503,0.98680626,ON_20171011_MW1147-27_7_00_000.h5,TC,298-04-4,True
20171011,MW1147-27,7,B3,Disulfoton,0.1,uM,1.911206564,4.875,0.037033284,64.0901875,0.57,22.628875,16,16,35,15.22857143,0.274697691,8.247708009,26.27058824,0.034011223,68.11428571,0.176294173,0.194505361,1.207693993,ON_20171011_MW1147-27_7_00_000.h5,TC,298-04-4,True
20171011,MW1147-27,7,B4,Disulfoton,0.3,uM,1.27202186,2.71875,0.039793868,55.1169375,0.5816875,32.4238125,16,16,31,13.67741935,0.278236687,8.904252001,29.42166667,0.071512013,55.25806452,0.135569048,0.187299059,0.714976866,ON_20171011_MW1147-27_7_00_000.h5,TC,298-04-4,True
20171011,MW1147-27,7,B5,Disulfoton,1.0,uM,1.872438042,5.125,0.050609812,57.32433333,0.52675,20.77008333,12,12,31,11.67741935,0.241683948,7.150580603,29.04666667,0.054983036,49.06451613,0.107416761,0.313586269,0.692031059,ON_20171011_MW1147-27_7_00_000.h5,TC,298-04-4,True
20171011,MW1147-27,7,B6,Disulfoton,3.0,uM,2.029032895,4.24875,0.047170509,58.72071429,0.745785714,20.369,16,14,34,14.79411765,0.254482085,6.683611953,25.74545455,0.083255931,60.32352941,0.126445247,0.186811385,1.129743469,ON_20171011_MW1147-27_7_00_000.h5,TC,298-04-4,True
20171011,MW1147-27,7,B7,Disulfoton,10.0,uM,1.68705883,4.75875,0.044060452,66.1662,0.536533333,16.99806667,16,15,29,15.34482759,0.27627547,8.892808152,31.85178571,0.051686752,78.24137931,0.147577468,0.23509383,0.965701979,ON_20171011_MW1147-27_7_00_000.h5,TC,298-04-4,True
20171011,MW1147-27,7,B8,Disulfoton,20.0,uM,1.212734013,3.42,0.062676354,51.79569231,0.623538462,36.59307692,15,13,23,14.73913043,0.169634231,6.846617238,41.30454545,0.040887314,51.39130435,0.117203201,0.288249258,1.389274605,ON_20171011_MW1147-27_7_00_000.h5,TC,298-04-4,True
20171011,MW1147-27,7,C1,Fenitrothion,0.0,uM,2.321416753,4.6875,0.045881422,60.6353125,0.816375,18.8039375,16,16,29,15.55172414,0.283308703,6.924150503,30.3125,0.03484997,83.82758621,0.128169466,0.165472203,0.887259541,ON_20171011_MW1147-27_7_00_000.h5,TC,122-14-5,True
20171011,MW1147-27,7,C2,Fenitrothion,0.03,uM,1.696249548,4.29,0.040037066,70.0988125,0.555,22.0975625,16,16,27,15.51851852,0.303220899,7.468620878,35.16923077,0.054029246,70.96296296,0.174742515,0.28589803,0.784092847,ON_20171011_MW1147-27_7_00_000.h5,TC,122-14-5,True
20171011,MW1147-27,7,C3,Fenitrothion,0.1,uM,1.441316214,3.54,0.042232989,59.22813333,0.5378,23.67526667,15,15,33,14.21212121,0.261323052,9.807560809,27.171875,0.049767554,60.84848485,0.138099715,0.311741485,1.177333105,ON_20171011_MW1147-27_7_00_000.h5,TC,122-14-5,True
20171011,MW1147-27,7,C4,Fenitrothion,0.3,uM,0.95946691,2.128,0.035840254,52.12871429,0.471857143,35.8115,15,14,23,14.26086957,0.235449017,10.88745225,39.88181818,0.041002384,64.43478261,0.137167848,0.380814322,1.097492263,ON_20171011_MW1147-27_7_00_000.h5,TC,122-14-5,True
20171011,MW1147-27,7,C5,Fenitrothion,1.0,uM,1.242928939,2.56125,0.035040018,67.037,0.625266667,28.111,16,15,28,14.17857143,0.314015538,9.766996489,33.84074074,0.128168293,65.57142857,0.182309822,0.24211053,0.660070177,ON_20171011_MW1147-27_7_00_000.h5,TC,122-14-5,True
20171011,MW1147-27,7,C6,Fenitrothion,3.0,uM,1.402878294,4.396,0.043718357,63.60284615,0.526461538,20.54523077,15,13,30,14.4,0.267278439,8.84135651,29.45517241,0.108241989,58.83333333,0.133973412,0.277820422,0.897743991,ON_20171011_MW1147-27_7_00_000.h5,TC,122-14-5,True
20171011,MW1147-27,7,C7,Fenitrothion,10.0,uM,1.376095174,4.14375,0.048435398,55.57153333,0.5202,31.16333333,16,15,22,13.90909091,0.280041486,5.45358447,40.9047619,0.06848171,51.59090909,0.09205743,0.404737466,1.092641644,ON_20171011_MW1147-27_7_00_000.h5,TC,122-14-5,True
20171011,MW1147-27,7,C8,Fenitrothion,20.0,uM,1.292859193,3.27,0.079969888,36.21454545,0.554090909,31.22172727,14,11,20,12.2,0.151999369,2.845858985,47.42631579,0.056665479,24.5,0.040195448,0.254512548,1.129447733,ON_20171011_MW1147-27_7_00_000.h5,TC,122-14-5,True
20171011,MW1147-27,7,D1,Benzo(b)fluoranthene,0.0,uM,2.643620855,5.21625,0.060599783,58.1912,1.190733333,13.47233333,16,15,36,15.16666667,0.278792188,6.610474714,25.72714286,0.078194494,73.41666667,0.084246889,0.179009931,0.655174192,ON_20171011_MW1147-27_7_00_000.h5,TC,205-99-2,True
20171011,MW1147-27,7,D2,Benzo(b)fluoranthene,0.03,uM,2.137866868,4.9275,0.050249085,60.90873333,0.801,20.14013333,16,15,28,15.10714286,0.301911139,8.415550676,34.10185185,0.126189413,97.17857143,0.125006124,0.258154609,0.838046884,ON_20171011_MW1147-27_7_00_000.h5,TC,205-99-2,True
20171011,MW1147-27,7,D3,Benzo(b)fluoranthene,0.1,uM,1.636080097,3.93375,0.048646047,56.9335625,0.6285,27.36275,16,16,29,14.06896552,0.289972446,6.506627869,31.27678571,0.156827538,55.51724138,0.11334071,0.246425062,1.121416719,ON_20171011_MW1147-27_7_00_000.h5,TC,205-99-2,True
20171011,MW1147-27,7,D4,Benzo(b)fluoranthene,0.3,uM,1.564207358,4.1025,0.051113621,51.1933125,0.5188125,31.1135625,16,16,22,14.95454545,0.233735119,6.932409012,42.37142857,0.042552451,74.54545455,0.106338346,0.260122256,0.890821433,ON_20171011_MW1147-27_7_00_000.h5,TC,205-99-2,True
20171011,MW1147-27,7,D5,Benzo(b)fluoranthene,1.0,uM,1.512831904,4.5,0.046206009,52.0986,0.522933333,31.37446667,15,15,20,14.95,0.199392361,5.755529686,46.54210526,0.042283193,61.8,0.094604233,0.285746655,1.19779832,ON_20171011_MW1147-27_7_00_000.h5,TC,205-99-2,True
20171011,MW1147-27,7,D6,Benzo(b)fluoranthene,3.0,uM,1.465074173,3.372857143,0.047418695,61.37457143,2.398357143,28.2455,14,14,24,13.83333333,0.184352002,5.400696864,39.14130435,0.043594414,43.91666667,0.09814611,0.381150881,1.502917723,ON_20171011_MW1147-27_7_00_000.h5,TC,205-99-2,True
20171011,MW1147-27,7,D7,Benzo(b)fluoranthene,10.0,uM,0.721097552,1.596923077,0.040334248,49.1309,0.3076,35.1089,13,10,26,11.5,0.229490718,5.600894354,35.35,0.046033498,19.26923077,0.085205342,0.309668037,1.512251728,ON_20171011_MW1147-27_7_00_000.h5,TC,205-99-2,True
20171011,MW1147-27,7,D8,Benzo(b)fluoranthene,20.0,uM,0.885879451,1.515,0.081341156,27.83066667,0.529,38.499,8,3,1,6.0,0.1,0.116042936,,,8.0,0.011694989,0.644515879,1.695645049,ON_20171011_MW1147-27_7_00_000.h5,TC,205-99-2,True
20171011,MW1147-27,7,E1,Fluorene,0.0,uM,1.507608402,2.72625,0.042114133,62.41871429,0.721928571,26.23664286,16,14,33,14.45454545,0.303734668,11.06091838,27.940625,0.061997371,76.42424242,0.184833972,0.306400014,0.888299236,ON_20171011_MW1147-27_7_00_000.h5,TC,86-73-7,True
20171011,MW1147-27,7,E2,Fluorene,0.03,uM,2.12384937,4.96125,0.051395647,56.571375,0.675375,21.4151875,16,16,32,14.78125,0.318857549,6.933158993,28.95483871,0.08650277,69.59375,0.117657465,0.231248523,0.747609564,ON_20171011_MW1147-27_7_00_000.h5,TC,86-73-7,True
20171011,MW1147-27,7,E3,Fluorene,0.1,uM,1.690827685,4.515,0.040205016,69.9173125,0.5385625,22.131125,16,16,34,15.44117647,0.288765173,10.68747067,28.12878788,0.063290696,80.38235294,0.212563215,0.338987839,0.861465812,ON_20171011_MW1147-27_7_00_000.h5,TC,86-73-7,True
20171011,MW1147-27,7,E4,Fluorene,0.3,uM,0.986977353,2.29875,0.032801592,64.73053333,0.455266667,29.79586667,16,15,29,15.13793103,0.245521346,14.6981979,29.70535714,0.048212227,75.65517241,0.194166067,0.345954708,0.697119066,ON_20171011_MW1147-27_7_00_000.h5,TC,86-73-7,True
20171011,MW1147-27,7,E5,Fluorene,1.0,uM,1.447505071,3.0825,0.032508614,71.3346875,0.6250625,27.5145625,16,16,25,15.76,0.235783694,10.62945368,35.09166667,0.032726938,93.08,0.238829278,0.398534064,1.266119214,ON_20171011_MW1147-27_7_00_000.h5,TC,86-73-7,True
20171011,MW1147-27,7,E6,Fluorene,3.0,uM,1.271907252,3.288,0.035867083,66.02535714,0.438357143,21.55285714,15,14,35,15.05714286,0.229048753,12.72034039,27.45147059,0.043714536,65.77142857,0.199366901,0.286795232,0.80437645,ON_20171011_MW1147-27_7_00_000.h5,TC,86-73-7,True
20171011,MW1147-27,7,E7,Fluorene,10.0,uM,0.884989032,2.86,0.032982672,63.2245,0.391857143,28.82921429,15,14,31,13.5483871,0.237824501,13.19206564,29.085,0.045574359,53.41935484,0.168168334,0.43685454,0.843556652,ON_20171011_MW1147-27_7_00_000.h5,TC,86-73-7,True
20171011,MW1147-27,7,E8,Fluorene,20.0,uM,1.203917976,3.36,0.044541831,55.3268,0.464133333,36.7856,15,15,23,13.65217391,0.251652433,6.457262961,39.52727273,0.117692144,48.08695652,0.127476286,0.377985075,1.419863682,ON_20171011_MW1147-27_7_00_000.h5,TC,86-73-7,True
20171011,MW1147-27,7,F1,Acenaphthylene,0.0,uM,1.853880285,4.27125,0.047465787,62.0108,0.575,21.66333333,16,15,27,14.51851852,0.321832378,6.36635994,34.85,0.108332359,66.11111111,0.122907031,0.317057458,1.005473925,ON_20171011_MW1147-27_7_00_000.h5,TC,208-96-8,False
20171011,MW1147-28,5,A1,Disulfiram - ToxCast G-8,0.0003,uM,0.792360995,1.225714286,0.126170353,18.8835,0.6105,41.4045,7,2,0,,,0.0,,,,0.000428183,0.631462272,2.293124319,ON_20171011_MW1147-28_5_00_000.h5,TC,97-77-8,True
20171011,MW1147-28,5,A2,Disulfiram - ToxCast G-8,0.0,uM,1.307363923,3.762,0.091252049,33.81025,0.552875,23.711875,10,8,0,,,0.0,,,,0.000844049,0.845391706,2.428314243,ON_20171011_MW1147-28_5_00_000.h5,TC,97-77-8,True
20171011,MW1147-28,5,A3,Disulfiram - ToxCast G-8,0.001,uM,0.72364434,1.041818182,0.128014749,18.62325,0.603,35.944,11,4,0,,,0.0,,,,0.001164854,0.408961412,1.842395816,ON_20171011_MW1147-28_5_00_000.h5,TC,97-77-8,True
20171011,MW1147-28,5,A4,Disulfiram - ToxCast G-8,0.003,uM,0.314343373,0.0,,0.0,,,7,0,0,,,0.0,,,,0.0003634,0.676682576,2.2196003,ON_20171011_MW1147-28_5_00_000.h5,TC,97-77-8,True
20171011,MW1147-28,5,A5,Disulfiram - ToxCast G-8,0.01,uM,0.584146839,1.1,0.081990767,32.56228571,0.505714286,33.69842857,12,7,0,,,0.0,,,,0.005322276,0.327128561,2.645439487,ON_20171011_MW1147-28_5_00_000.h5,TC,97-77-8,True
20171011,MW1147-28,5,A6,Disulfiram - ToxCast G-8,0.03,uM,1.007970343,1.393846154,0.115152329,18.57516667,0.7075,29.38133333,13,6,0,,,0.0,,,,0.004959993,0.343348499,2.548778582,ON_20171011_MW1147-28_5_00_000.h5,TC,97-77-8,True
20171011,MW1147-28,5,A7,Disulfiram - ToxCast G-8,0.1,uM,0.493419355,1.313333333,0.064292511,34.82066667,0.377,42.66866667,9,3,0,,,0.0,,,,0.006982475,0.686732628,2.328607374,ON_20171011_MW1147-28_5_00_000.h5,TC,97-77-8,True
20171011,MW1147-28,5,B1,Rotenone - ToxCast G-8,0.0001,uM,0.813771871,1.778181818,0.064441625,30.79425,0.394,31.3535,11,4,0,,,0.0,,,,0.001436491,0.685213951,2.350442242,ON_20171011_MW1147-28_5_00_000.h5,TC,83-79-4,True
20171011,MW1147-28,5,B2,Rotenone - ToxCast G-8,0.0,uM,0.525260323,0.5325,0.086275278,41.972,0.423666667,37.82966667,8,3,0,,,0.0,,,,0.002850313,1.01839618,2.200482393,ON_20171011_MW1147-28_5_00_000.h5,TC,83-79-4,True
20171011,MW1147-28,5,B3,Rotenone - ToxCast G-8,0.0003,uM,1.095443834,3.651428571,0.083936034,50.889,0.50825,14.51825,7,4,0,,,0.0,,,,0.001585499,0.346611875,1.212943202,ON_20171011_MW1147-28_5_00_000.h5,TC,83-79-4,True
20171011,MW1147-28,5,B4,Rotenone - ToxCast G-8,0.001,uM,1.115621161,3.173333333,0.097422872,39.16333333,0.619,34.304,9,6,0,,,0.0,,,,0.003664236,0.51437491,2.350447169,ON_20171011_MW1147-28_5_00_000.h5,TC,83-79-4,True
20171011,MW1147-28,5,B5,Rotenone - ToxCast G-8,0.003,uM,1.067451097,2.382,0.089980148,46.135,0.565,14.59225,10,4,0,,,0.0,,,,0.001703794,0.356417488,1.037723772,ON_20171011_MW1147-28_5_00_000.h5,TC,83-79-4,True
20171011,MW1147-28,5,B6,Rotenone - ToxCast G-8,0.01,uM,0.70446827,1.281818182,0.084136391,28.604,0.50225,26.36325,11,4,0,,,0.0,,,,0.000623016,0.617366921,1.391814453,ON_20171011_MW1147-28_5_00_000.h5,TC,83-79-4,True
20171011,MW1147-28,5,D2,"1,1,2,2-Tetrahydroperfluoro-1-decanol - TP0001411",0.0,uM,0.84152671,1.54,0.079180296,26.2964,0.4844,34.4076,9,5,2,8.0,0.143541667,0.287356322,515.9,0.000294628,10.0,0.003955498,0.426831558,2.407637071,ON_20171011_MW1147-28_5_00_000.h5,TC,,False
20171011,MW1147-28,5,E2,Perfluoroundecanoic acid - TP0001411,0.0,uM,1.077442839,2.575,0.089981946,40.2788,0.5342,26.564,12,5,1,6.0,0.17,0.076530612,,,9.0,0.001914303,0.538844329,1.409119433,ON_20171011_MW1147-28_5_00_000.h5,TC,,False
20171011,MW1147-28,5,F2,"1H,1H,2H,2H-Perfluorooctyl iodide - TP0001413",0.0,uM,0.84425173,1.723636364,0.094737342,39.28957143,0.502571429,44.914,11,7,2,9.5,0.169791667,0.225921522,232.75,0.007365696,9.5,0.017026028,0.759733437,2.303328182,ON_20171011_MW1147-28_5_00_000.h5,TC,,False
20171011,MW1147-28,5,A8,Disulfiram - ToxCast G-8,0.3,uM,0.0,0.0,,0.0,,,0,0,0,,,0.0,,,,0.0,0.0,0.0,ON_20171011_MW1147-28_5_00_000.h5,TC,97-77-8,True
20171011,MW1147-28,5,B7,Rotenone - ToxCast G-8,0.03,uM,0.0,0.0,,0.0,,,0,0,0,,,0.0,,,,0.0,0.0,0.0,ON_20171011_MW1147-28_5_00_000.h5,TC,83-79-4,True
20171011,MW1147-28,5,B8,Rotenone - ToxCast G-8,0.1,uM,0.0,0.0,,0.0,,,0,0,0,,,0.0,,,,0.0,0.0,0.0,ON_20171011_MW1147-28_5_00_000.h5,TC,83-79-4,True
20171011,MW1147-28,7,A1,Disulfiram - ToxCast G-8,0.0003,uM,1.49413131,4.085,0.060334921,44.7551,0.4974,26.3132,12,10,19,12.05263158,0.167526107,4.499784257,43.65,0.045798038,38.42105263,0.052048089,0.36084094,2.553859828,ON_20171011_MW1147-28_7_00_000.h5,TC,97-77-8,True
20171011,MW1147-28,7,A2,Disulfiram - ToxCast G-8,0.0,uM,1.019974162,2.56125,0.048973799,58.46115385,0.452307692,26.20376923,16,13,32,14.8125,0.181792957,9.647810715,28.50322581,0.031787198,44.34375,0.127159914,0.263302456,2.092243199,ON_20171011_MW1147-28_7_00_000.h5,TC,97-77-8,True
20171011,MW1147-28,7,A3,Disulfiram - ToxCast G-8,0.001,uM,2.010059225,4.575,0.04711487,58.73886667,0.577266667,22.54306667,16,15,33,14.6969697,0.277030724,5.992754873,26.903125,0.073233096,52.63636364,0.110092577,0.246129075,1.591856841,ON_20171011_MW1147-28_7_00_000.h5,TC,97-77-8,True
20171011,MW1147-28,7,A4,Disulfiram - ToxCast G-8,0.003,uM,0.901120496,2.672,0.037638793,63.17346154,0.399538462,35.37469231,15,13,26,13.46153846,0.206484835,8.672551905,33.33,0.061584758,40.80769231,0.138447374,0.282264892,1.836896939,ON_20171011_MW1147-28_7_00_000.h5,TC,97-77-8,True
20171011,MW1147-28,7,A5,Disulfiram - ToxCast G-8,0.01,uM,1.443830708,2.20875,0.032109227,64.793875,0.69475,27.7059375,16,16,22,15.90909091,0.333449675,10.30739673,39.47142857,0.05197917,97.54545455,0.223573259,0.444574697,2.598174837,ON_20171011_MW1147-28_7_00_000.h5,TC,97-77-8,True
20171011,MW1147-28,7,A6,Disulfiram - ToxCast G-8,0.03,uM,1.052914584,2.50875,0.027445396,71.2714,0.418066667,22.78766667,16,15,32,15.625,0.266146453,16.97293025,26.33709677,0.037842164,80.53125,0.252506986,0.267119635,2.548552586,ON_20171011_MW1147-28_7_00_000.h5,TC,97-77-8,True
20171011,MW1147-28,7,A7,Disulfiram - ToxCast G-8,0.1,uM,0.964366106,2.312,0.041520298,54.13861538,0.383076923,31.23192308,15,13,23,13.26086957,0.214302968,7.116592615,37.83181818,0.058647266,40.39130435,0.08361885,0.298151841,2.219866793,ON_20171011_MW1147-28_7_00_000.h5,TC,97-77-8,True
20171011,MW1147-28,7,A8,Disulfiram - ToxCast G-8,0.3,uM,0.84660352,0.0,,0.0,,,1,0,0,,,0.0,,,,-0.000208897,1.945527079,1.233545316,ON_20171011_MW1147-28_7_00_000.h5,TC,97-77-8,True
20171011,MW1147-28,7,B1,Rotenone - ToxCast G-8,0.0001,uM,1.574630767,3.36,0.040129224,58.87706667,0.489,26.23966667,15,15,24,15.04166667,0.270155837,7.610021582,37.02608696,0.049428143,67.58333333,0.153800442,0.265422665,2.294580002,ON_20171011_MW1147-28_7_00_000.h5,TC,83-79-4,True
20171011,MW1147-28,7,B2,Rotenone - ToxCast G-8,0.0,uM,2.281683739,2.307272727,0.074747074,45.49,5.334375,29.416375,11,8,23,10.17391304,0.19178442,2.544203889,39.39318182,0.026730719,25.08695652,0.036916082,0.303299923,1.821493709,ON_20171011_MW1147-28_7_00_000.h5,TC,83-79-4,True
20171011,MW1147-28,7,B3,Rotenone - ToxCast G-8,0.0003,uM,1.663988308,4.653333333,0.059430101,52.82475,0.546625,32.2665,9,8,16,9.9375,0.184564732,2.600559894,55.53666667,0.048273556,22.0625,0.044039357,0.680716442,1.631237511,ON_20171011_MW1147-28_7_00_000.h5,TC,83-79-4,True
20171011,MW1147-28,7,B4,Rotenone - ToxCast G-8,0.001,uM,2.129416822,4.056,0.04739941,55.70085714,0.743357143,24.63307143,15,14,30,14.46666667,0.280044312,7.178758363,29.27068966,0.114288864,69.03333333,0.144812987,0.223072565,2.486103444,ON_20171011_MW1147-28_7_00_000.h5,TC,83-79-4,True
20171011,MW1147-28,7,B5,Rotenone - ToxCast G-8,0.003,uM,1.436549141,4.0125,0.040477789,60.802,0.514875,22.1704375,16,16,34,15.11764706,0.212268002,10.94858798,25.62878788,0.034492508,66.70588235,0.166690293,0.23568565,2.327118002,ON_20171011_MW1147-28_7_00_000.h5,TC,83-79-4,True
20171011,MW1147-28,7,B6,Rotenone - ToxCast G-8,0.01,uM,1.291680632,3.21375,0.058169824,49.7444,0.542133333,22.95253333,16,15,30,14.06666667,0.248482263,5.873510147,29.17758621,0.048900472,36.46666667,0.095598399,0.273492793,1.047479082,ON_20171011_MW1147-28_7_00_000.h5,TC,83-79-4,True
20171011,MW1147-28,7,B7,Rotenone - ToxCast G-8,0.03,uM,0.353953503,0.0,,0.0,,,1,0,0,,,0.0,,,,0.005492659,0.475864028,1.065768042,ON_20171011_MW1147-28_7_00_000.h5,TC,83-79-4,True
20171011,MW1147-28,7,D2,"1,1,2,2-Tetrahydroperfluoro-1-decanol - TP0001411",0.0,uM,1.068676452,3.205714286,0.034425032,63.44475,0.361833333,27.54275,14,12,22,13.95454545,0.2268511,9.619504987,39.67619048,0.058302659,59.18181818,0.142288083,0.328740442,2.450721757,ON_20171011_MW1147-28_7_00_000.h5,TC,,False
20171011,MW1147-28,7,E2,Perfluoroundecanoic acid - TP0001411,0.0,uM,1.063339939,2.256,0.031162408,56.8575,0.357928571,37.91407143,15,14,18,15.83333333,0.212137897,11.57880114,48.44411765,0.029580812,92.61111111,0.21479971,0.322188063,0.897515555,ON_20171011_MW1147-28_7_00_000.h5,TC,,False
20171011,MW1147-28,7,F2,"1H,1H,2H,2H-Perfluorooctyl iodide - TP0001413",0.0,uM,1.006867342,1.82625,0.0290752,62.46826667,0.395533333,33.15786667,16,15,27,15.74074074,0.242404101,12.61106137,33.86923077,0.026226322,67.81481481,0.210237982,0.271983251,2.562002572,ON_20171011_MW1147-28_7_00_000.h5,TC,,False
20171011,MW1147-28,7,B8,Rotenone - ToxCast G-8,0.1,uM,0.0,0.0,,0.0,,,0,0,0,,,0.0,,,,0.0,0.0,0.0,ON_20171011_MW1147-28_7_00_000.h5,TC,83-79-4,True
20171011,MW1147-29,5,A1,Disulfiram - ToxCast G-8,0.0003,uM,0.919883238,2.68,0.097159927,74.753,0.664,3.073,6,1,0,,,0.0,,,,0.001278209,0.880201837,1.667490492,ON_20171011_MW1147-29_5_00_000.h5,TC,97-77-8,True
20171011,MW1147-29,5,A2,Disulfiram - ToxCast G-8,0.0,uM,1.363898943,4.7,0.076059959,50.349,0.4696,20.279,9,5,0,,,0.0,,,,0.003405839,0.24607776,1.57106579,ON_20171011_MW1147-29_5_00_000.h5,TC,97-77-8,True
20171011,MW1147-29,5,A3,Disulfiram - ToxCast G-8,0.001,uM,0.467074255,0.081818182,,0.0,,,11,0,0,,,0.0,,,,0.002293146,0.516988686,1.121178126,ON_20171011_MW1147-29_5_00_000.h5,TC,97-77-8,True
20171011,MW1147-29,5,A4,Disulfiram - ToxCast G-8,0.003,uM,0.854516142,1.633333333,0.104029062,31.62333333,0.531,32.2675,9,6,0,,,0.0,,,,0.003025482,0.470730325,0.939647788,ON_20171011_MW1147-29_5_00_000.h5,TC,97-77-8,True
20171011,MW1147-29,5,A5,Disulfiram - ToxCast G-8,0.01,uM,1.03808841,2.296363636,0.109704692,41.8782,0.7574,19.3748,11,5,0,,,0.0,,,,0.001486749,0.454299778,1.86502939,ON_20171011_MW1147-29_5_00_000.h5,TC,97-77-8,True
20171011,MW1147-29,5,A6,Disulfiram - ToxCast G-8,0.03,uM,0.844566296,1.575,0.079631261,33.83377778,0.509555556,37.08722222,12,9,4,8.25,0.2096875,0.408777969,117.25,0.121555969,9.5,0.010334748,0.329278879,2.205952727,ON_20171011_MW1147-29_5_00_000.h5,TC,97-77-8,True
20171011,MW1147-29,5,A7,Disulfiram - ToxCast G-8,0.1,uM,1.041758064,3.516,0.076634247,43.961,0.39,23.936,5,2,0,,,0.0,,,,0.001829068,0.871888618,2.129005858,ON_20171011_MW1147-29_5_00_000.h5,TC,97-77-8,True
20171011,MW1147-29,5,B1,Rotenone - ToxCast G-8,0.0001,uM,1.985262173,3.57,0.110231317,42.44416667,1.587833333,25.07666667,10,6,0,,,0.0,,,,0.000359259,0.726574216,2.583517831,ON_20171011_MW1147-29_5_00_000.h5,TC,83-79-4,True
20171011,MW1147-29,5,B2,Rotenone - ToxCast G-8,0.0,uM,0.730720065,1.033846154,0.098024084,22.35383333,0.5695,31.15383333,13,6,0,,,0.0,,,,0.001826886,0.248019601,0.922982573,ON_20171011_MW1147-29_5_00_000.h5,TC,83-79-4,True
20171011,MW1147-29,5,B3,Rotenone - ToxCast G-8,0.0003,uM,0.940029365,2.48,0.080440936,30.03466667,0.445166667,31.1235,15,12,0,,,0.0,,,,0.003033258,0.197860041,1.905812208,ON_20171011_MW1147-29_5_00_000.h5,TC,83-79-4,True
20171011,MW1147-29,5,B4,Rotenone - ToxCast G-8,0.001,uM,0.536515383,0.336,0.101410577,14.31033333,0.471,55.81,10,3,0,,,0.0,,,,0.000827141,0.562297084,1.044357772,ON_20171011_MW1147-29_5_00_000.h5,TC,83-79-4,True
20171011,MW1147-29,5,B5,Rotenone - ToxCast G-8,0.003,uM,0.968756738,2.472857143,0.077151586,47.6452,0.4864,15.1162,14,5,0,,,0.0,,,,0.001096243,0.231306698,1.425479832,ON_20171011_MW1147-29_5_00_000.h5,TC,83-79-4,True
20171011,MW1147-29,5,B6,Rotenone - ToxCast G-8,0.01,uM,0.521655305,1.056,0.099241231,34.28166667,0.447666667,34.92166667,5,3,0,,,0.0,,,,0.000136119,0.83146262,2.083239062,ON_20171011_MW1147-29_5_00_000.h5,TC,83-79-4,True
20171011,MW1147-29,5,D2,"1,1,2,2-Tetrahydroperfluoro-1-decanol - TP0001411",0.0,uM,0.478405821,0.678,0.086890025,32.64466667,0.425,44.68866667,10,3,0,,,0.0,,,,0.002293084,0.516283719,1.263908892,ON_20171011_MW1147-29_5_00_000.h5,TC,,False
20171011,MW1147-29,5,E2,Perfluoroundecanoic acid - TP0001411,0.0,uM,1.528564265,3.285,0.101297186,30.6664,0.7042,26.6652,8,5,0,,,0.0,,,,0.002855151,0.555867341,2.115850467,ON_20171011_MW1147-29_5_00_000.h5,TC,,False
20171011,MW1147-29,5,F2,"1H,1H,2H,2H-Perfluorooctyl iodide - TP0001413",0.0,uM,0.567649466,2.04,0.070501858,47.619,0.420666667,23.517,8,3,0,,,0.0,,,,0.006072603,1.000082343,1.63469827,ON_20171011_MW1147-29_5_00_000.h5,TC,,False
20171011,MW1147-29,5,A8,Disulfiram - ToxCast G-8,0.3,uM,0.0,0.0,,0.0,,,0,0,0,,,0.0,,,,0.0,0.0,0.0,ON_20171011_MW1147-29_5_00_000.h5,TC,97-77-8,True
20171011,MW1147-29,5,B7,Rotenone - ToxCast G-8,0.03,uM,0.0,0.0,,0.0,,,0,0,0,,,0.0,,,,0.0,0.0,0.0,ON_20171011_MW1147-29_5_00_000.h5,TC,83-79-4,True
20171011,MW1147-29,5,B8,Rotenone - ToxCast G-8,0.1,uM,0.0,0.0,,0.0,,,0,0,0,,,0.0,,,,0.0,0.0,0.0,ON_20171011_MW1147-29_5_00_000.h5,TC,83-79-4,True
20171011,MW1147-29,7,A1,Disulfiram - ToxCast G-8,0.0003,uM,0.954001374,2.653333333,0.074966017,45.37657143,0.417857143,29.14057143,9,7,19,7.368421053,0.150244361,3.108348135,46.11944444,0.037584146,12.89473684,0.069873504,0.940686639,1.6246729,ON_20171011_MW1147-29_7_00_000.h5,TC,97-77-8,True
20171011,MW1147-29,7,A2,Disulfiram - ToxCast G-8,0.0,uM,1.664522018,5.592857143,0.054455108,54.89235714,0.498642857,22.36364286,14,14,27,13.74074074,0.225670194,6.154936231,31.09615385,0.062846007,48.25925926,0.085173312,0.276942985,1.28100579,ON_20171011_MW1147-29_7_00_000.h5,TC,97-77-8,True
20171011,MW1147-29,7,A3,Disulfiram - ToxCast G-8,0.001,uM,0.6182516,1.8225,0.048815831,49.38346154,0.329615385,37.56792308,16,13,22,14.04545455,0.155652753,8.029115342,40.76190476,0.025090882,32.59090909,0.08465333,0.27567752,0.846309059,ON_20171011_MW1147-29_7_00_000.h5,TC,97-77-8,True
20171011,MW1147-29,7,A4,Disulfiram - ToxCast G-8,0.003,uM,0.867056907,2.452,0.05043628,50.61264286,0.441785714,31.5785,15,14,26,14.0,0.184907037,8.890402793,34.108,0.031305664,40.15384615,0.09552987,0.511356518,1.099413543,ON_20171011_MW1147-29_7_00_000.h5,TC,97-77-8,True
20171011,MW1147-29,7,A5,Disulfiram - ToxCast G-8,0.01,uM,1.966884733,6.068,0.051876492,59.16938462,0.628461538,16.45753846,15,13,26,13.69230769,0.279837454,4.963580386,32.496,0.032062787,50.84615385,0.077142905,0.269398813,1.601725449,ON_20171011_MW1147-29_7_00_000.h5,TC,97-77-8,True
20171011,MW1147-29,7,A6,Disulfiram - ToxCast G-8,0.03,uM,1.78109078,4.68,0.044898585,63.96493333,0.578866667,18.27246667,16,15,31,14.4516129,0.37035307,7.027909508,27.10333333,0.102220868,58.32258065,0.131703246,0.291708245,2.086590459,ON_20171011_MW1147-29_7_00_000.h5,TC,97-77-8,True
20171011,MW1147-29,7,A7,Disulfiram - ToxCast G-8,0.1,uM,0.905125882,1.992,0.072443366,29.20025,0.451,39.22925,10,8,15,8.733333333,0.131796296,2.667783228,52.225,0.032841547,14.86666667,0.025195652,0.428317935,1.198014267,ON_20171011_MW1147-29_7_00_000.h5,TC,97-77-8,True
20171011,MW1147-29,7,B1,Rotenone - ToxCast G-8,0.0001,uM,2.321358215,6.012,0.061460689,41.37471429,0.598357143,23.37607143,15,14,25,13.84,0.212607937,4.613918017,35.26875,0.038390019,58.08,0.054877619,0.185253318,1.367224459,ON_20171011_MW1147-29_7_00_000.h5,TC,83-79-4,True
20171011,MW1147-29,7,B2,Rotenone - ToxCast G-8,0.0,uM,1.370330787,3.75375,0.04118873,64.7462,0.518133333,20.7776,16,15,37,14.18918919,0.266952488,9.604405598,23.37777778,0.082260122,51.37837838,0.138673309,0.284371653,1.614689716,ON_20171011_MW1147-29_7_00_000.h5,TC,83-79-4,True
20171011,MW1147-29,7,B3,Rotenone - ToxCast G-8,0.0003,uM,2.028252954,5.655,0.052426775,60.1079375,0.6351875,16.934375,16,16,34,13.97058824,0.2743324,7.332058984,25.42727273,0.048747391,63.17647059,0.113963532,0.272085911,2.286650732,ON_20171011_MW1147-29_7_00_000.h5,TC,83-79-4,True
20171011,MW1147-29,7,B4,Rotenone - ToxCast G-8,0.001,uM,1.344467278,4.05,0.057702243,55.36457143,0.508142857,22.34628571,14,14,37,12.54054054,0.232304537,7.659274075,21.90277778,0.055647782,35.18918919,0.094778558,0.542897732,1.491286558,ON_20171011_MW1147-29_7_00_000.h5,TC,83-79-4,True
20171011,MW1147-29,7,B5,Rotenone - ToxCast G-8,0.003,uM,1.499727454,4.47,0.049801819,56.3373125,0.479625,28.122375,16,16,28,12.71428571,0.228823696,5.142646108,30.19259259,0.045762111,39.78571429,0.08465019,0.247892971,1.797977617,ON_20171011_MW1147-29_7_00_000.h5,TC,83-79-4,True
20171011,MW1147-29,7,B6,Rotenone - ToxCast G-8,0.01,uM,0.783505689,1.763076923,0.075207582,50.081875,0.569625,35.225625,13,8,2,7.0,0.264583333,0.183624973,256.45,0.111958574,8.5,0.012352644,0.624872334,1.998119317,ON_20171011_MW1147-29_7_00_000.h5,TC,83-79-4,True
20171011,MW1147-29,7,B7,Rotenone - ToxCast G-8,0.03,uM,0.218776602,0.0,,0.0,,,2,0,0,,,0.0,,,,-0.000492512,1.575997963,1.3792578,ON_20171011_MW1147-29_7_00_000.h5,TC,83-79-4,True
20171011,MW1147-29,7,D2,"1,1,2,2-Tetrahydroperfluoro-1-decanol - TP0001411",0.0,uM,1.420524786,4.455,0.052802841,49.83533333,0.440133333,26.59073333,16,15,37,12.94594595,0.242701775,5.263670923,24.41666667,0.086658427,29.18918919,0.079138368,0.242945112,0.689252495,ON_20171011_MW1147-29_7_00_000.h5,TC,,False
20171011,MW1147-29,7,E2,Perfluoroundecanoic acid - TP0001411,0.0,uM,1.765550612,4.652307692,0.055090899,57.24,0.590090909,17.83736364,13,11,35,11.77142857,0.253759354,5.980194212,26.01323529,0.05698886,35.54285714,0.084273178,0.331123644,1.092386872,ON_20171011_MW1147-29_7_00_000.h5,TC,,False
20171011,MW1147-29,7,F2,"1H,1H,2H,2H-Perfluorooctyl iodide - TP0001413",0.0,uM,1.037804198,3.8325,0.048624462,56.261,0.362846154,25.74323077,16,13,29,13.10344828,0.208640873,6.030687125,29.95892857,0.035760265,31.17241379,0.075635051,0.295604416,1.433363957,ON_20171011_MW1147-29_7_00_000.h5,TC,,False
20171011,MW1147-29,7,A8,Disulfiram - ToxCast G-8,0.3,uM,0.0,0.0,,0.0,,,0,0,0,,,0.0,,,,0.0,0.0,0.0,ON_20171011_MW1147-29_7_00_000.h5,TC,97-77-8,True
20171011,MW1147-29,7,B8,Rotenone - ToxCast G-8,0.1,uM,0.0,0.0,,0.0,,,0,0,0,,,0.0,,,,0.0,0.0,0.0,ON_20171011_MW1147-29_7_00_000.h5,TC,83-79-4,True
20171011,MW1147-30,5,A1,Disulfiram - ToxCast G-8,0.0003,uM,1.592309104,2.554285714,0.099471313,49.0375,1.3255,45.9175,7,2,0,,,0.0,,,,0.000915172,0.696525973,2.360598133,ON_20171011_MW1147-30_5_00_000.h5,TC,97-77-8,True
20171011,MW1147-30,5,A2,Disulfiram - ToxCast G-8,0.0,uM,0.801109936,1.548,0.062921565,34.57,0.402,7.451,5,1,0,,,0.0,,,,0.000979511,0.760066866,1.904360715,ON_20171011_MW1147-30_5_00_000.h5,TC,97-77-8,True
20171011,MW1147-30,5,A3,Disulfiram - ToxCast G-8,0.001,uM,0.208290779,0.015,,0.0,,,4,0,0,,,0.0,,,,0.000175366,1.047082793,1.740928864,ON_20171011_MW1147-30_5_00_000.h5,TC,97-77-8,True
20171011,MW1147-30,5,A4,Disulfiram - ToxCast G-8,0.003,uM,0.496440077,0.2025,0.07036169,7.344,0.333,41.299,8,1,0,,,0.0,,,,0.002462002,0.878130693,1.315801681,ON_20171011_MW1147-30_5_00_000.h5,TC,97-77-8,True
20171011,MW1147-30,5,A5,Disulfiram - ToxCast G-8,0.01,uM,1.215480388,3.162857143,0.082051607,37.3315,0.4995,31.78675,7,4,0,,,0.0,,,,0.001670321,0.699068337,2.127034637,ON_20171011_MW1147-30_5_00_000.h5,TC,97-77-8,True
20171011,MW1147-30,5,A6,Disulfiram - ToxCast G-8,0.03,uM,1.410088976,3.06,0.12159939,35.106,0.849,5.063,7,2,0,,,0.0,,,,0.001226763,0.644845259,1.943253708,ON_20171011_MW1147-30_5_00_000.h5,TC,97-77-8,True
20171011,MW1147-30,5,A7,Disulfiram - ToxCast G-8,0.1,uM,0.203076649,0.12,0.046674595,23.59,0.192,55.815,5,1,0,,,0.0,,,,0.009111844,0.33981018,0.933128613,ON_20171011_MW1147-30_5_00_000.h5,TC,97-77-8,True
20171011,MW1147-30,5,A8,Disulfiram - ToxCast G-8,0.3,uM,2.548886367,7.56,0.128224201,28.941,0.621,7.312,1,1,0,,,0.0,,,,0.0,0.043384251,0.527341224,ON_20171011_MW1147-30_5_00_000.h5,TC,97-77-8,True
20171011,MW1147-30,5,B1,Rotenone - ToxCast G-8,0.0001,uM,0.679483489,0.685714286,0.088411729,16.08466667,0.457666667,41.32266667,7,3,0,,,0.0,,,,0.000702172,0.752436692,1.178069999,ON_20171011_MW1147-30_5_00_000.h5,TC,83-79-4,True
20171011,MW1147-30,5,B2,Rotenone - ToxCast G-8,0.0,uM,0.448552408,0.78,0.084377897,47.708,0.531,11.391,8,1,0,,,0.0,,,,0.004900361,0.638535608,0.953074194,ON_20171011_MW1147-30_5_00_000.h5,TC,83-79-4,True
20171011,MW1147-30,5,B3,Rotenone - ToxCast G-8,0.0003,uM,0.596855742,0.414545455,0.114133169,17.54875,0.537,60.29075,11,4,0,,,0.0,,,,0.000473963,0.661051865,1.137131657,ON_20171011_MW1147-30_5_00_000.h5,TC,83-79-4,True
20171011,MW1147-30,5,B4,Rotenone - ToxCast G-8,0.001,uM,0.820813859,1.335,0.095167961,27.552,0.581,24.269,8,4,0,,,0.0,,,,0.002797841,0.60350614,1.39904565,ON_20171011_MW1147-30_5_00_000.h5,TC,83-79-4,True
20171011,MW1147-30,5,B5,Rotenone - ToxCast G-8,0.003,uM,0.603631616,1.5,0.073308332,61.31766667,0.711666667,35.41833333,10,6,15,9.333333333,0.199027778,4.246966453,49.925,0.02839658,15.86666667,0.040535349,0.591500346,1.637966273,ON_20171011_MW1147-30_5_00_000.h5,TC,83-79-4,True
20171011,MW1147-30,5,B6,Rotenone - ToxCast G-8,0.01,uM,0.984281414,3.19,0.121099043,34.62366667,0.648666667,16.22633333,6,3,0,,,0.0,,,,0.000361571,0.895669706,1.512662124,ON_20171011_MW1147-30_5_00_000.h5,TC,83-79-4,True
20171011,MW1147-30,5,D2,"1,1,2,2-Tetrahydroperfluoro-1-decanol - TP0001411",0.0,uM,1.018310474,1.62,0.072011052,39.562,0.518,26.64875,6,4,1,6.0,0.125,0.19355974,,,11.0,0.008960208,0.965922743,1.629889092,ON_20171011_MW1147-30_5_00_000.h5,TC,,False
20171011,MW1147-30,5,E2,Perfluoroundecanoic acid - TP0001411,0.0,uM,0.728253248,1.405714286,0.104862272,28.06425,0.507,31.89625,7,4,0,,,0.0,,,,0.002668155,0.755605452,1.082496274,ON_20171011_MW1147-30_5_00_000.h5,TC,,False
20171011,MW1147-30,5,F2,"1H,1H,2H,2H-Perfluorooctyl iodide - TP0001413",0.0,uM,0.441280069,0.0,,0.0,,,3,0,0,,,0.0,,,,9.63e-05,1.303881271,1.261815683,ON_20171011_MW1147-30_5_00_000.h5,TC,,False
20171011,MW1147-30,5,B7,Rotenone - ToxCast G-8,0.03,uM,0.0,0.0,,0.0,,,0,0,0,,,0.0,,,,0.0,0.0,0.0,ON_20171011_MW1147-30_5_00_000.h5,TC,83-79-4,True
20171011,MW1147-30,5,B8,Rotenone - ToxCast G-8,0.1,uM,0.0,0.0,,0.0,,,0,0,0,,,0.0,,,,0.0,0.0,0.0,ON_20171011_MW1147-30_5_00_000.h5,TC,83-79-4,True
20171011,MW1147-30,7,A1,Disulfiram - ToxCast G-8,0.0003,uM,1.338411238,2.824285714,0.039414103,55.10646154,0.564846154,28.50392308,14,13,23,14.60869565,0.244916753,7.429848815,38.98863636,0.060393895,54.91304348,0.146705985,0.280505594,1.233461971,ON_20171011_MW1147-30_7_00_000.h5,TC,97-77-8,True
20171011,MW1147-30,7,A2,Disulfiram - ToxCast G-8,0.0,uM,0.970110841,2.732727273,0.03572318,57.00354545,0.327545455,35.18218182,11,11,32,11.8125,0.183000372,12.31647635,28.15645161,0.047275967,37.75,0.134578096,0.401306774,2.552758356,ON_20171011_MW1147-30_7_00_000.h5,TC,97-77-8,True
20171011,MW1147-30,7,A3,Disulfiram - ToxCast G-8,0.001,uM,0.920128722,2.244,0.049266258,44.22133333,0.404416667,37.90075,15,12,32,12.84375,0.179293465,9.913447668,27.5016129,0.058624949,38.65625,0.093005871,0.269561048,1.072527671,ON_20171011_MW1147-30_7_00_000.h5,TC,97-77-8,True
20171011,MW1147-30,7,A4,Disulfiram - ToxCast G-8,0.003,uM,1.18226326,2.644285714,0.043790645,56.50453846,0.486076923,26.86676923,14,13,35,12.34285714,0.264846088,10.42612877,24.625,0.087665328,44.6,0.124595969,0.494150279,1.387944671,ON_20171011_MW1147-30_7_00_000.h5,TC,97-77-8,True
20171011,MW1147-30,7,A5,Disulfiram - ToxCast G-8,0.01,uM,1.038254852,2.66,0.050686228,59.40264286,0.550785714,26.70414286,15,14,25,13.96,0.282195635,10.47429425,32.48958333,0.073233033,58.92,0.154233961,0.324243438,0.702726674,ON_20171011_MW1147-30_7_00_000.h5,TC,97-77-8,True
20171011,MW1147-30,7,A6,Disulfiram - ToxCast G-8,0.03,uM,1.421204999,3.484,0.047191716,56.52693333,0.548933333,36.11973333,15,15,27,13.33333333,0.202327007,7.456503728,32.26153846,0.043246525,53.33333333,0.121641572,0.2329033,1.011339561,ON_20171011_MW1147-30_7_00_000.h5,TC,97-77-8,True
20171011,MW1147-30,7,A7,Disulfiram - ToxCast G-8,0.1,uM,0.647215174,1.251428571,0.039271475,33.78766667,0.226,45.7225,7,6,17,7.058823529,0.15254902,6.880733945,53.63125,0.046843481,16.76470588,0.051137331,0.65999774,1.574038276,ON_20171011_MW1147-30_7_00_000.h5,TC,97-77-8,True
20171011,MW1147-30,7,A8,Disulfiram - ToxCast G-8,0.3,uM,1.029912194,0.0,,0.0,,,1,0,0,,,0.0,,,,-0.000587996,1.337819783,0.964850806,ON_20171011_MW1147-30_7_00_000.h5,TC,97-77-8,True
20171011,MW1147-30,7,B1,Rotenone - ToxCast G-8,0.0001,uM,0.698108389,1.689230769,0.031619682,54.42345455,0.336090909,39.49009091,13,11,25,12.8,0.202963492,12.44417622,35.67708333,0.035165601,41.24,0.131981205,0.348306097,0.888015815,ON_20171011_MW1147-30_7_00_000.h5,TC,83-79-4,True
20171011,MW1147-30,7,B2,Rotenone - ToxCast G-8,0.0,uM,0.927432097,2.506153846,0.04058069,55.8564,0.3838,26.9549,13,10,27,12.40740741,0.189195694,9.975492421,31.04038462,0.036406709,40.7037037,0.135383706,0.280541109,1.020522867,ON_20171011_MW1147-30_7_00_000.h5,TC,83-79-4,True
20171011,MW1147-30,7,B3,Rotenone - ToxCast G-8,0.0003,uM,1.79777818,4.3575,0.067843738,44.00328571,0.663785714,17.51278571,16,14,53,11.62264151,0.24905024,5.624855625,16.27307692,0.096672563,27.56603774,0.058342676,0.185345504,1.787427573,ON_20171011_MW1147-30_7_00_000.h5,TC,83-79-4,True
20171011,MW1147-30,7,B4,Rotenone - ToxCast G-8,0.001,uM,1.153518695,2.469230769,0.090439938,33.07642857,0.616,17.63914286,13,7,12,9.916666667,0.139365079,1.739321885,77.80454545,0.024813964,19.75,0.011477585,0.482458384,2.174951076,ON_20171011_MW1147-30_7_00_000.h5,TC,83-79-4,True
20171011,MW1147-30,7,B5,Rotenone - ToxCast G-8,0.003,uM,1.193050839,3.4575,0.049183537,71.65942857,0.572357143,21.197,16,14,39,13.76923077,0.261940398,9.056100249,23.12105263,0.062309027,40.02564103,0.129406096,0.221000481,1.210629051,ON_20171011_MW1147-30_7_00_000.h5,TC,83-79-4,True
20171011,MW1147-30,7,B7,Rotenone - ToxCast G-8,0.03,uM,0.139536491,0.0,,0.0,,,1,0,0,,,0.0,,,,-0.000271397,0.995295108,2.223220677,ON_20171011_MW1147-30_7_00_000.h5,TC,83-79-4,True
20171011,MW1147-30,7,D2,"1,1,2,2-Tetrahydroperfluoro-1-decanol - TP0001411",0.0,uM,0.874963935,2.11,0.037456443,55.89233333,0.338333333,36.16708333,12,12,22,12.04545455,0.238943452,11.99750052,37.72619048,0.030573133,52.36363636,0.127009093,0.48975342,1.568057728,ON_20171011_MW1147-30_7_00_000.h5,TC,,False
20171011,MW1147-30,7,E2,Perfluoroundecanoic acid - TP0001411,0.0,uM,1.275854488,3.235,0.06499749,47.456,0.571555556,24.30666667,12,9,20,11.5,0.181332341,4.720354742,44.4,0.045496936,33.0,0.046552447,0.304902946,1.490891519,ON_20171011_MW1147-30_7_00_000.h5,TC,,False
20171011,MW1147-30,7,F2,"1H,1H,2H,2H-Perfluorooctyl iodide - TP0001413",0.0,uM,0.925132045,2.727692308,0.052042883,54.9797,0.403,23.549,13,10,32,10.8125,0.22354674,7.040441176,28.53387097,0.049456802,23.9375,0.08768376,0.305312937,1.339110251,ON_20171011_MW1147-30_7_00_000.h5,TC,,False
20171011,MW1147-30,7,B6,Rotenone - ToxCast G-8,0.01,uM,0.0,0.0,,0.0,,,0,0,0,,,0.0,,,,0.0,0.0,0.0,ON_20171011_MW1147-30_7_00_000.h5,TC,83-79-4,True
20171011,MW1147-30,7,B8,Rotenone - ToxCast G-8,0.1,uM,0.0,0.0,,0.0,,,0,0,0,,,0.0,,,,0.0,0.0,0.0,ON_20171011_MW1147-30_7_00_000.h5,TC,83-79-4,True
