date,Plate.SN,well,DIV,trt,dose,units,identity,eligible_identity,spid,meanfiringrate,burst.per.min,mean.isis,per.spikes.in.burst,mean.dur,mean.IBIs,nAE,nABE,ns.n,ns.peak.m,ns.durn.m,ns.percent.of.spikes.in.ns,ns.mean.insis,ns.durn.sd,ns.mean.spikes.in.ns,r,mi
20171004,MW1147-20,A1,5,Bisphenol AF,0.03,uM,DTXSID7037717,True,TP0001649A01,0.0,0.0,,0.0,,,0.0,0.0,0.0,,,0.0,,,,0.0,0.0
20171004,MW1147-20,A2,5,Bisphenol AF,0.0,uM,DTXSID7037717,True,TP0001649A01,0.541363843814019,0.0,,0.0,,,1.0,0.0,0.0,,,0.0,,,,0.0,0.0
20171004,MW1147-20,A3,5,Bisphenol AF,0.1,uM,DTXSID7037717,True,TP0001649A01,0.0,0.0,,0.0,,,0.0,0.0,0.0,,,0.0,,,,0.0,0.0
20171004,MW1147-20,A4,5,Bisphenol AF,0.3,uM,DTXSID7037717,True,TP0001649A01,0.0,0.0,,0.0,,,0.0,0.0,0.0,,,0.0,,,,0.0,0.0
20171004,MW1147-20,A5,5,Bisphenol AF,1.0,uM,DTXSID7037717,True,TP0001649A01,0.0,0.0,,0.0,,,0.0,0.0,0.0,,,0.0,,,,0.0,0.0
20171004,MW1147-20,A6,5,Bisphenol AF,3.0,uM,DTXSID7037717,True,TP0001649A01,0.576936006035884,0.0,,0.0,,,1.0,0.0,0.0,,,0.0,,,,0.0,0.0
20171004,MW1147-20,A7,5,Bisphenol AF,10.0,uM,DTXSID7037717,True,TP0001649A01,0.0,0.0,,0.0,,,0.0,0.0,0.0,,,0.0,,,,0.0,0.0
20171004,MW1147-20,A8,5,Bisphenol AF,20.0,uM,DTXSID7037717,True,TP0001649A01,0.0,0.0,,0.0,,,0.0,0.0,0.0,,,0.0,,,,0.0,0.0
20171004,MW1147-20,B1,5,Piperonyl butoxide,0.03,uM,DTXSID1021166,True,TP0001649A08,0.0,0.0,,0.0,,,0.0,0.0,0.0,,,0.0,,,,0.0,0.0
20171004,MW1147-20,B2,5,Piperonyl butoxide,0.0,uM,DTXSID1021166,True,TP0001649A08,0.0,0.0,,0.0,,,0.0,0.0,0.0,,,0.0,,,,0.0,0.0
20171004,MW1147-20,B3,5,Piperonyl butoxide,0.1,uM,DTXSID1021166,True,TP0001649A08,0.0,0.0,,0.0,,,0.0,0.0,0.0,,,0.0,,,,0.0,0.0
20171004,MW1147-20,B4,5,Piperonyl butoxide,0.3,uM,DTXSID1021166,True,TP0001649A08,0.102269966387864,0.0,,0.0,,,1.0,0.0,0.0,,,0.0,,,,0.0,0.0
20171004,MW1147-20,B5,5,Piperonyl butoxide,1.0,uM,DTXSID1021166,True,TP0001649A08,0.0,0.0,,0.0,,,0.0,0.0,0.0,,,0.0,,,,0.0,0.0
20171004,MW1147-20,B6,5,Piperonyl butoxide,3.0,uM,DTXSID1021166,True,TP0001649A08,0.0,0.0,,0.0,,,0.0,0.0,0.0,,,0.0,,,,0.0,0.0
20171004,MW1147-20,B7,5,Piperonyl butoxide,10.0,uM,DTXSID1021166,True,TP0001649A08,0.0,0.0,,0.0,,,0.0,0.0,0.0,,,0.0,,,,0.0,0.0
20171004,MW1147-20,B8,5,Piperonyl butoxide,20.0,uM,DTXSID1021166,True,TP0001649A08,0.0,0.0,,0.0,,,0.0,0.0,0.0,,,0.0,,,,0.0,0.0
20171004,MW1147-20,C1,5,Tamoxifen,0.03,uM,DTXSID1034187,True,TP0001649B03,0.0,0.0,,0.0,,,0.0,0.0,0.0,,,0.0,,,,0.0,0.0
20171004,MW1147-20,C2,5,Tamoxifen,0.0,uM,DTXSID1034187,True,TP0001649B03,0.387958894232223,0.0,,0.0,,,1.0,0.0,0.0,,,0.0,,,,0.0,0.0
20171004,MW1147-20,C3,5,Tamoxifen,0.1,uM,DTXSID1034187,True,TP0001649B03,0.128949088054263,0.0,,0.0,,,1.0,0.0,0.0,,,0.0,,,,0.0,0.0
20171004,MW1147-20,C4,5,Tamoxifen,0.3,uM,DTXSID1034187,True,TP0001649B03,0.0,0.0,,0.0,,,0.0,0.0,0.0,,,0.0,,,,0.0,0.0
20171004,MW1147-20,C5,5,Tamoxifen,1.0,uM,DTXSID1034187,True,TP0001649B03,0.0,0.0,,0.0,,,0.0,0.0,0.0,,,0.0,,,,0.0,0.0
20171004,MW1147-20,C6,5,Tamoxifen,3.0,uM,DTXSID1034187,True,TP0001649B03,0.0,0.0,,0.0,,,0.0,0.0,0.0,,,0.0,,,,0.0,0.0
20171004,MW1147-20,C7,5,Tamoxifen,10.0,uM,DTXSID1034187,True,TP0001649B03,0.0,0.0,,0.0,,,0.0,0.0,0.0,,,0.0,,,,0.0,0.0
20171004,MW1147-20,C8,5,Tamoxifen,20.0,uM,DTXSID1034187,True,TP0001649B03,0.0,0.0,,0.0,,,0.0,0.0,0.0,,,0.0,,,,0.0,0.0
20171004,MW1147-20,D1,5,6-Propyl-2-thiouracil,0.03,uM,DTXSID5021209,True,TP0001649B07,0.0,0.0,,0.0,,,0.0,0.0,0.0,,,0.0,,,,0.0,0.0
20171004,MW1147-20,D2,5,6-Propyl-2-thiouracil,0.0,uM,DTXSID5021209,True,TP0001649B07,0.0,0.0,,0.0,,,0.0,0.0,0.0,,,0.0,,,,0.0,0.0
20171004,MW1147-20,D3,5,6-Propyl-2-thiouracil,0.1,uM,DTXSID5021209,True,TP0001649B07,0.0,0.0,,0.0,,,0.0,0.0,0.0,,,0.0,,,,0.0,0.0
20171004,MW1147-20,D4,5,6-Propyl-2-thiouracil,0.3,uM,DTXSID5021209,True,TP0001649B07,0.0,0.0,,0.0,,,0.0,0.0,0.0,,,0.0,,,,0.0,0.0
20171004,MW1147-20,D5,5,6-Propyl-2-thiouracil,1.0,uM,DTXSID5021209,True,TP0001649B07,0.0,0.0,,0.0,,,0.0,0.0,0.0,,,0.0,,,,0.0,0.0
20171004,MW1147-20,D6,5,6-Propyl-2-thiouracil,3.0,uM,DTXSID5021209,True,TP0001649B07,0.397963564857123,0.06,,0.0,,,1.0,0.0,0.0,,,0.0,,,,0.0,0.0
20171004,MW1147-20,D7,5,6-Propyl-2-thiouracil,10.0,uM,DTXSID5021209,True,TP0001649B07,0.0,0.0,,0.0,,,0.0,0.0,0.0,,,0.0,,,,0.0,0.0
20171004,MW1147-20,D8,5,6-Propyl-2-thiouracil,20.0,uM,DTXSID5021209,True,TP0001649B07,0.0,0.0,,0.0,,,0.0,0.0,0.0,,,0.0,,,,0.0,0.0
20171004,MW1147-20,E1,5,Eugenol,0.03,uM,DTXSID9020617,True,TP0001649B10,0.0,0.0,,0.0,,,0.0,0.0,0.0,,,0.0,,,,0.0,0.0
20171004,MW1147-20,E2,5,Eugenol,0.0,uM,DTXSID9020617,True,TP0001649B10,0.579715081209468,0.0,,0.0,,,2.0,0.0,0.0,,,0.0,,,,0.00281816865775609,0.0
20171004,MW1147-20,E3,5,Eugenol,0.1,uM,DTXSID9020617,True,TP0001649B10,0.444652027773321,0.0,,0.0,,,1.0,0.0,0.0,,,0.0,,,,0.0,0.0
20171004,MW1147-20,E4,5,Eugenol,0.3,uM,DTXSID9020617,True,TP0001649B10,0.0,0.0,,0.0,,,0.0,0.0,0.0,,,0.0,,,,0.0,0.0
20171004,MW1147-20,E5,5,Eugenol,1.0,uM,DTXSID9020617,True,TP0001649B10,0.0,0.0,,0.0,,,0.0,0.0,0.0,,,0.0,,,,0.0,0.0
20171004,MW1147-20,E6,5,Eugenol,3.0,uM,DTXSID9020617,True,TP0001649B10,0.0,0.0,,0.0,,,0.0,0.0,0.0,,,0.0,,,,0.0,0.0
20171004,MW1147-20,E7,5,Eugenol,10.0,uM,DTXSID9020617,True,TP0001649B10,0.0,0.0,,0.0,,,0.0,0.0,0.0,,,0.0,,,,0.0,0.0
20171004,MW1147-20,E8,5,Eugenol,20.0,uM,DTXSID9020617,True,TP0001649B10,0.0,0.0,,0.0,,,0.0,0.0,0.0,,,0.0,,,,0.0,0.0
20171004,MW1147-20,F1,5,2-(m-Chlorophenoxy)propionic acid,0.03,uM,DTXSID9034232,True,TP0001649D06,0.0,0.0,,0.0,,,0.0,0.0,0.0,,,0.0,,,,0.0,0.0
20171004,MW1147-20,F2,5,2-(m-Chlorophenoxy)propionic acid,0.0,uM,DTXSID9034232,True,TP0001649D06,0.0,0.0,,0.0,,,0.0,0.0,0.0,,,0.0,,,,0.0,0.0
20171004,MW1147-20,F3,5,2-(m-Chlorophenoxy)propionic acid,0.1,uM,DTXSID9034232,True,TP0001649D06,0.0,0.0,,0.0,,,0.0,0.0,0.0,,,0.0,,,,0.0,0.0
20171004,MW1147-20,F4,5,2-(m-Chlorophenoxy)propionic acid,0.3,uM,DTXSID9034232,True,TP0001649D06,0.0,0.0,,0.0,,,0.0,0.0,0.0,,,0.0,,,,0.0,0.0
20171004,MW1147-20,F5,5,2-(m-Chlorophenoxy)propionic acid,1.0,uM,DTXSID9034232,True,TP0001649D06,0.0,0.0,,0.0,,,0.0,0.0,0.0,,,0.0,,,,0.0,0.0
20171004,MW1147-20,F6,5,2-(m-Chlorophenoxy)propionic acid,3.0,uM,DTXSID9034232,True,TP0001649D06,0.319037829927358,0.0,,0.0,,,1.0,0.0,0.0,,,0.0,,,,0.0,0.0
20171004,MW1147-20,F7,5,2-(m-Chlorophenoxy)propionic acid,10.0,uM,DTXSID9034232,True,TP0001649D06,0.739233996173147,0.0,,0.0,,,1.0,0.0,0.0,,,0.0,,,,0.0,0.0
20171004,MW1147-20,F8,5,2-(m-Chlorophenoxy)propionic acid,20.0,uM,DTXSID9034232,True,TP0001649D06,0.0,0.0,,0.0,,,0.0,0.0,0.0,,,0.0,,,,0.0,0.0
20171004,MW1147-20,A1,7,Bisphenol AF,0.03,uM,DTXSID7037717,True,TP0001649A01,3.14976645894227,0.21,0.0832141879699248,99.421,68.108,1.199,4.0,1.0,0.0,,,0.0,,,,0.000559260714355673,1.2381267719408e-07
20171004,MW1147-20,A2,7,Bisphenol AF,0.0,uM,DTXSID7037717,True,TP0001649A01,2.7696685280854,0.68,0.131263611532625,97.929,28.834,1.205,3.0,1.0,0.0,,,0.0,,,,0.00252606635256544,7.38868610003496e-07
20171004,MW1147-20,A3,7,Bisphenol AF,0.1,uM,DTXSID7037717,True,TP0001649A01,0.602230680217553,0.09,,0.0,,,4.0,0.0,0.0,,,0.0,,,,0.00383384481181169,2.78790352821467e-06
20171004,MW1147-20,A4,7,Bisphenol AF,0.3,uM,DTXSID7037717,True,TP0001649A01,2.32892159729888,0.99,0.08137887420428,64.6,10.49,23.32,4.0,2.0,0.0,,,0.0,,,,0.00363609758254859,9.18395910428267e-06
20171004,MW1147-20,A5,7,Bisphenol AF,1.0,uM,DTXSID7037717,True,TP0001649A01,0.4327838559866,0.03,,0.0,,,4.0,0.0,0.0,,,0.0,,,,-0.000952393186412728,4.26793370392198e-06
20171004,MW1147-20,A6,7,Bisphenol AF,3.0,uM,DTXSID7037717,True,TP0001649A01,0.637786735138147,1.68,0.057581866312127,38.634,0.284666666666667,20.1166666666667,7.0,3.0,0.0,,,0.0,,,,0.00573070441515502,4.69790997568997e-06
20171004,MW1147-20,A7,7,Bisphenol AF,10.0,uM,DTXSID7037717,True,TP0001649A01,0.143335346398643,0.0,,0.0,,,1.0,0.0,0.0,,,0.0,,,,0.0,0.0
20171004,MW1147-20,A8,7,Bisphenol AF,20.0,uM,DTXSID7037717,True,TP0001649A01,0.0,0.0,,0.0,,,0.0,0.0,0.0,,,0.0,,,,0.0,0.0
20171004,MW1147-20,B1,7,Piperonyl butoxide,0.03,uM,DTXSID1021166,True,TP0001649A08,1.04271305702401,2.85428571428571,0.0761425804343379,31.01375,0.39025,36.6255,7.0,4.0,0.0,,,0.0,,,,0.00167054291180681,1.10100094236135e-05
20171004,MW1147-20,B2,7,Piperonyl butoxide,0.0,uM,DTXSID1021166,True,TP0001649A08,2.5789251084593,2.37,0.116859838918874,51.0015,3.807,11.8315,4.0,3.0,0.0,,,0.0,,,,0.00200530216718295,2.10695502211866e-07
20171004,MW1147-20,B3,7,Piperonyl butoxide,0.1,uM,DTXSID1021166,True,TP0001649A08,0.351782718370622,0.18,,0.0,,,5.0,0.0,1.0,6.0,0.108333333333334,0.470588235294118,,,8.0,0.0178749966274189,0.0
20171004,MW1147-20,B4,7,Piperonyl butoxide,0.3,uM,DTXSID1021166,True,TP0001649A08,0.473062199451335,0.21,0.0451613793103443,8.056,0.393,62.843,4.0,2.0,2.0,7.5,0.0869047619047617,1.0498687664042,564.35,0.0420896893563421,10.0,0.00609392537327093,0.0
20171004,MW1147-20,B5,7,Piperonyl butoxide,1.0,uM,DTXSID1021166,True,TP0001649A08,0.223706845542068,0.0,,0.0,,,3.0,0.0,0.0,,,0.0,,,,0.00139905607805337,0.0
20171004,MW1147-20,B6,7,Piperonyl butoxide,3.0,uM,DTXSID1021166,True,TP0001649A08,0.110742296054765,0.08,,0.0,,,3.0,0.0,0.0,,,0.0,,,,-0.00109537260751005,0.0
20171004,MW1147-20,B7,7,Piperonyl butoxide,10.0,uM,DTXSID1021166,True,TP0001649A08,0.205558442509681,0.03,,0.0,,,4.0,0.0,0.0,,,0.0,,,,0.00510044966461282,0.0
20171004,MW1147-20,B8,7,Piperonyl butoxide,20.0,uM,DTXSID1021166,True,TP0001649A08,0.228892103551321,0.0,,0.0,,,1.0,0.0,0.0,,,0.0,,,,0.0,0.0
20171004,MW1147-20,C1,7,Tamoxifen,0.03,uM,DTXSID1034187,True,TP0001649B03,1.58150369282223,1.6,0.143716651982379,13.934,0.906,11.618,3.0,1.0,0.0,,,0.0,,,,0.000667809307117873,0.0
20171004,MW1147-20,C2,7,Tamoxifen,0.0,uM,DTXSID1034187,True,TP0001649B03,0.173891331096028,0.02,,0.0,,,6.0,0.0,0.0,,,0.0,,,,0.00705487374594371,0.0
20171004,MW1147-20,C3,7,Tamoxifen,0.1,uM,DTXSID1034187,True,TP0001649B03,0.305004283615717,0.39,0.0465499999999987,13.333,0.186,67.493,2.0,1.0,0.0,,,0.0,,,,0.00243594049808411,0.0
20171004,MW1147-20,C4,7,Tamoxifen,0.3,uM,DTXSID1034187,True,TP0001649B03,0.0,0.0,,0.0,,,0.0,0.0,0.0,,,0.0,,,,0.0,0.0
20171004,MW1147-20,C5,7,Tamoxifen,1.0,uM,DTXSID1034187,True,TP0001649B03,0.0,0.0,,0.0,,,0.0,0.0,0.0,,,0.0,,,,0.0,0.0
20171004,MW1147-20,C6,7,Tamoxifen,3.0,uM,DTXSID1034187,True,TP0001649B03,0.0,0.0,,0.0,,,0.0,0.0,0.0,,,0.0,,,,0.0,0.0
20171004,MW1147-20,C7,7,Tamoxifen,10.0,uM,DTXSID1034187,True,TP0001649B03,0.0,0.0,,0.0,,,0.0,0.0,0.0,,,0.0,,,,0.0,0.0
20171004,MW1147-20,C8,7,Tamoxifen,20.0,uM,DTXSID1034187,True,TP0001649B03,0.0,0.0,,0.0,,,0.0,0.0,0.0,,,0.0,,,,0.0,0.0
20171004,MW1147-20,D1,7,6-Propyl-2-thiouracil,0.03,uM,DTXSID5021209,True,TP0001649B07,0.582674850011227,0.876,0.0768488636363631,27.763,0.492,15.229,5.0,1.0,0.0,,,0.0,,,,0.0128899686572562,2.04359913061336e-06
20171004,MW1147-20,D2,7,6-Propyl-2-thiouracil,0.0,uM,DTXSID5021209,True,TP0001649B07,0.509530965603149,0.197142857142857,0.0986885714285724,9.153,0.502,74.066,7.0,1.0,3.0,6.33333333333333,0.106666666666667,0.846432889963724,131.525,0.011614466553972,9.33333333333333,0.0236912388996443,1.49443914136867e-05
20171004,MW1147-20,D3,7,6-Propyl-2-thiouracil,0.1,uM,DTXSID5021209,True,TP0001649B07,0.903716395898419,0.17,0.14221037037037,3.333,0.698,76.833,6.0,1.0,1.0,7.0,0.0958333333333336,0.305561214096557,,,15.0,0.00465527585267599,2.47049857829418e-06
20171004,MW1147-20,D4,7,6-Propyl-2-thiouracil,0.3,uM,DTXSID5021209,True,TP0001649B07,0.354449422489667,0.03,,0.0,,,2.0,0.0,0.0,,,0.0,,,,-0.0034753753084498,0.0
20171004,MW1147-20,D5,7,6-Propyl-2-thiouracil,1.0,uM,DTXSID5021209,True,TP0001649B07,0.296115269885568,0.12,,0.0,,,2.0,0.0,0.0,,,0.0,,,,0.0203938509213822,0.0
20171004,MW1147-20,D6,7,6-Propyl-2-thiouracil,3.0,uM,DTXSID5021209,True,TP0001649B07,1.05473703541792,3.1425,0.10250921812118,29.7102,0.5314,26.3538,8.0,5.0,0.0,,,0.0,,,,0.00314345168184925,1.80630165240933e-05
20171004,MW1147-20,D7,7,6-Propyl-2-thiouracil,10.0,uM,DTXSID5021209,True,TP0001649B07,0.829789431709352,0.996,0.0760568843706569,16.627,0.376,27.1395,5.0,2.0,0.0,,,0.0,,,,0.00229666942631195,4.65447615249914e-06
20171004,MW1147-20,D8,7,6-Propyl-2-thiouracil,20.0,uM,DTXSID5021209,True,TP0001649B07,0.348227112878563,0.24,0.0470895571095603,30.263,0.2175,97.1235,5.0,2.0,0.0,,,0.0,,,,0.00793542581506716,0.0
20171004,MW1147-20,E1,7,Eugenol,0.03,uM,DTXSID9020617,True,TP0001649B10,0.42852453690757,0.64,0.0651876676275208,21.7235,0.4015,43.547,3.0,2.0,0.0,,,0.0,,,,0.0242459636818995,4.39220595232007e-05
20171004,MW1147-20,E2,7,Eugenol,0.0,uM,DTXSID9020617,True,TP0001649B10,0.238892243997738,0.24,,0.0,,,2.0,0.0,0.0,,,0.0,,,,-0.00226398341309359,0.0
20171004,MW1147-20,E3,7,Eugenol,0.1,uM,DTXSID9020617,True,TP0001649B10,0.425561532330854,0.0,,0.0,,,3.0,0.0,0.0,,,0.0,,,,0.000352296408697368,3.72845656211596e-06
20171004,MW1147-20,E4,7,Eugenol,0.3,uM,DTXSID9020617,True,TP0001649B10,0.266392630225385,0.015,,0.0,,,4.0,0.0,0.0,,,0.0,,,,0.00568536268991195,0.0
20171004,MW1147-20,E5,7,Eugenol,1.0,uM,DTXSID9020617,True,TP0001649B10,0.200002808928339,0.0,,0.0,,,1.0,0.0,0.0,,,0.0,,,,0.0,0.0
20171004,MW1147-20,E6,7,Eugenol,3.0,uM,DTXSID9020617,True,TP0001649B10,0.883345739433496,0.0,,0.0,,,1.0,0.0,0.0,,,0.0,,,,0.0,0.0
20171004,MW1147-20,E7,7,Eugenol,10.0,uM,DTXSID9020617,True,TP0001649B10,0.377505301852239,0.0,,0.0,,,4.0,0.0,0.0,,,0.0,,,,0.000314533505313317,3.09488512473949e-06
20171004,MW1147-20,E8,7,Eugenol,20.0,uM,DTXSID9020617,True,TP0001649B10,0.0,0.0,,0.0,,,0.0,0.0,0.0,,,0.0,,,,0.0,0.0
20171004,MW1147-20,F1,7,2-(m-Chlorophenoxy)propionic acid,0.03,uM,DTXSID9034232,True,TP0001649D06,0.0,0.0,,0.0,,,0.0,0.0,0.0,,,0.0,,,,0.0,0.0
20171004,MW1147-20,F2,7,2-(m-Chlorophenoxy)propionic acid,0.0,uM,DTXSID9034232,True,TP0001649D06,0.0,0.0,,0.0,,,0.0,0.0,0.0,,,0.0,,,,0.0,0.0
20171004,MW1147-20,F3,7,2-(m-Chlorophenoxy)propionic acid,0.1,uM,DTXSID9034232,True,TP0001649D06,0.115001615133795,0.18,,0.0,,,2.0,0.0,0.0,,,0.0,,,,0.0187932046293715,0.0
20171004,MW1147-20,F4,7,2-(m-Chlorophenoxy)propionic acid,0.3,uM,DTXSID9034232,True,TP0001649D06,2.10780738076144,1.95,0.0714297872340426,26.6555,0.3965,42.983,2.0,2.0,0.0,,,0.0,,,,0.0172278947337614,0.0
20171004,MW1147-20,F5,7,2-(m-Chlorophenoxy)propionic acid,1.0,uM,DTXSID9034232,True,TP0001649D06,0.0,0.0,,0.0,,,0.0,0.0,0.0,,,0.0,,,,0.0,0.0
20171004,MW1147-20,F6,7,2-(m-Chlorophenoxy)propionic acid,3.0,uM,DTXSID9034232,True,TP0001649D06,0.0977791510316323,0.0,,0.0,,,1.0,0.0,0.0,,,0.0,,,,0.0,0.0
20171004,MW1147-20,F7,7,2-(m-Chlorophenoxy)propionic acid,10.0,uM,DTXSID9034232,True,TP0001649D06,0.0,0.0,,0.0,,,0.0,0.0,0.0,,,0.0,,,,0.0,0.0
20171004,MW1147-20,F8,7,2-(m-Chlorophenoxy)propionic acid,20.0,uM,DTXSID9034232,True,TP0001649D06,1.08557080179437,1.38,0.154921263157898,15.779,0.718,16.72,2.0,1.0,0.0,,,0.0,,,,0.00160886701788438,1.4959452478841e-07
20171004,MW1147-21,A1,5,Bisphenol AF,0.03,uM,DTXSID7037717,True,TP0001649A01,0.0,0.0,,0.0,,,0.0,0.0,0.0,,,0.0,,,,0.0,0.0
20171004,MW1147-21,A2,5,Bisphenol AF,0.0,uM,DTXSID7037717,True,TP0001649A01,0.0,0.0,,0.0,,,0.0,0.0,0.0,,,0.0,,,,0.0,0.0
20171004,MW1147-21,A3,5,Bisphenol AF,0.1,uM,DTXSID7037717,True,TP0001649A01,0.0,0.0,,0.0,,,0.0,0.0,0.0,,,0.0,,,,0.0,0.0
20171004,MW1147-21,A4,5,Bisphenol AF,0.3,uM,DTXSID7037717,True,TP0001649A01,0.323432634339467,0.0,,0.0,,,1.0,0.0,0.0,,,0.0,,,,0.0,0.0
20171004,MW1147-21,A5,5,Bisphenol AF,1.0,uM,DTXSID7037717,True,TP0001649A01,0.766902122660593,0.0,,0.0,,,1.0,0.0,0.0,,,0.0,,,,0.0,0.0
20171004,MW1147-21,A6,5,Bisphenol AF,3.0,uM,DTXSID7037717,True,TP0001649A01,0.0,0.0,,0.0,,,0.0,0.0,0.0,,,0.0,,,,0.0,0.0
20171004,MW1147-21,A7,5,Bisphenol AF,10.0,uM,DTXSID7037717,True,TP0001649A01,0.0,0.0,,0.0,,,0.0,0.0,0.0,,,0.0,,,,0.0,0.0
20171004,MW1147-21,A8,5,Bisphenol AF,20.0,uM,DTXSID7037717,True,TP0001649A01,0.0,0.0,,0.0,,,0.0,0.0,0.0,,,0.0,,,,0.0,0.0
20171004,MW1147-21,B1,5,Piperonyl butoxide,0.03,uM,DTXSID1021166,True,TP0001649A08,0.0,0.0,,0.0,,,0.0,0.0,0.0,,,0.0,,,,0.0,0.0
20171004,MW1147-21,B2,5,Piperonyl butoxide,0.0,uM,DTXSID1021166,True,TP0001649A08,0.0,0.0,,0.0,,,0.0,0.0,0.0,,,0.0,,,,0.0,0.0
20171004,MW1147-21,B3,5,Piperonyl butoxide,0.1,uM,DTXSID1021166,True,TP0001649A08,0.0,0.0,,0.0,,,0.0,0.0,0.0,,,0.0,,,,0.0,0.0
20171004,MW1147-21,B4,5,Piperonyl butoxide,0.3,uM,DTXSID1021166,True,TP0001649A08,0.0,0.0,,0.0,,,0.0,0.0,0.0,,,0.0,,,,0.0,0.0
20171004,MW1147-21,B5,5,Piperonyl butoxide,1.0,uM,DTXSID1021166,True,TP0001649A08,0.0,0.0,,0.0,,,0.0,0.0,0.0,,,0.0,,,,0.0,0.0
20171004,MW1147-21,B6,5,Piperonyl butoxide,3.0,uM,DTXSID1021166,True,TP0001649A08,0.0,0.0,,0.0,,,0.0,0.0,0.0,,,0.0,,,,0.0,0.0
20171004,MW1147-21,B7,5,Piperonyl butoxide,10.0,uM,DTXSID1021166,True,TP0001649A08,0.0,0.0,,0.0,,,0.0,0.0,0.0,,,0.0,,,,0.0,0.0
20171004,MW1147-21,B8,5,Piperonyl butoxide,20.0,uM,DTXSID1021166,True,TP0001649A08,0.0,0.0,,0.0,,,0.0,0.0,0.0,,,0.0,,,,0.0,0.0
20171004,MW1147-21,C1,5,Tamoxifen,0.03,uM,DTXSID1034187,True,TP0001649B03,0.0,0.0,,0.0,,,0.0,0.0,0.0,,,0.0,,,,0.0,0.0
20171004,MW1147-21,C2,5,Tamoxifen,0.0,uM,DTXSID1034187,True,TP0001649B03,0.841369430223288,0.09,,0.0,,,2.0,0.0,0.0,,,0.0,,,,0.0051089493637458,4.42659595763228e-06
20171004,MW1147-21,C3,5,Tamoxifen,0.1,uM,DTXSID1034187,True,TP0001649B03,0.0,0.0,,0.0,,,0.0,0.0,0.0,,,0.0,,,,0.0,0.0
20171004,MW1147-21,C4,5,Tamoxifen,0.3,uM,DTXSID1034187,True,TP0001649B03,0.0,0.0,,0.0,,,0.0,0.0,0.0,,,0.0,,,,0.0,0.0
20171004,MW1147-21,C5,5,Tamoxifen,1.0,uM,DTXSID1034187,True,TP0001649B03,0.0,0.0,,0.0,,,0.0,0.0,0.0,,,0.0,,,,0.0,0.0
20171004,MW1147-21,C6,5,Tamoxifen,3.0,uM,DTXSID1034187,True,TP0001649B03,0.0,0.0,,0.0,,,0.0,0.0,0.0,,,0.0,,,,0.0,0.0
20171004,MW1147-21,C7,5,Tamoxifen,10.0,uM,DTXSID1034187,True,TP0001649B03,0.0,0.0,,0.0,,,0.0,0.0,0.0,,,0.0,,,,0.0,0.0
20171004,MW1147-21,C8,5,Tamoxifen,20.0,uM,DTXSID1034187,True,TP0001649B03,0.0,0.0,,0.0,,,0.0,0.0,0.0,,,0.0,,,,0.0,0.0
20171004,MW1147-21,D1,5,6-Propyl-2-thiouracil,0.03,uM,DTXSID5021209,True,TP0001649B07,0.0,0.0,,0.0,,,0.0,0.0,0.0,,,0.0,,,,0.0,0.0
20171004,MW1147-21,D2,5,6-Propyl-2-thiouracil,0.0,uM,DTXSID5021209,True,TP0001649B07,0.0,0.0,,0.0,,,0.0,0.0,0.0,,,0.0,,,,0.0,0.0
20171004,MW1147-21,D3,5,6-Propyl-2-thiouracil,0.1,uM,DTXSID5021209,True,TP0001649B07,0.0,0.0,,0.0,,,0.0,0.0,0.0,,,0.0,,,,0.0,0.0
20171004,MW1147-21,D4,5,6-Propyl-2-thiouracil,0.3,uM,DTXSID5021209,True,TP0001649B07,0.0,0.0,,0.0,,,0.0,0.0,0.0,,,0.0,,,,0.0,0.0
20171004,MW1147-21,D5,5,6-Propyl-2-thiouracil,1.0,uM,DTXSID5021209,True,TP0001649B07,0.0,0.0,,0.0,,,0.0,0.0,0.0,,,0.0,,,,0.0,0.0
20171004,MW1147-21,D6,5,6-Propyl-2-thiouracil,3.0,uM,DTXSID5021209,True,TP0001649B07,0.0,0.0,,0.0,,,0.0,0.0,0.0,,,0.0,,,,0.0,0.0
20171004,MW1147-21,D7,5,6-Propyl-2-thiouracil,10.0,uM,DTXSID5021209,True,TP0001649B07,0.0,0.0,,0.0,,,0.0,0.0,0.0,,,0.0,,,,0.0,0.0
20171004,MW1147-21,D8,5,6-Propyl-2-thiouracil,20.0,uM,DTXSID5021209,True,TP0001649B07,1.5082408412325,0.0,,0.0,,,1.0,0.0,0.0,,,0.0,,,,0.0,0.0
20171004,MW1147-21,E1,5,Eugenol,0.03,uM,DTXSID9020617,True,TP0001649B10,0.695769172152944,0.0,,0.0,,,1.0,0.0,0.0,,,0.0,,,,0.0,0.0
20171004,MW1147-21,E2,5,Eugenol,0.0,uM,DTXSID9020617,True,TP0001649B10,0.0,0.0,,0.0,,,0.0,0.0,0.0,,,0.0,,,,0.0,0.0
20171004,MW1147-21,E3,5,Eugenol,0.1,uM,DTXSID9020617,True,TP0001649B10,0.0,0.0,,0.0,,,0.0,0.0,0.0,,,0.0,,,,0.0,0.0
20171004,MW1147-21,E4,5,Eugenol,0.3,uM,DTXSID9020617,True,TP0001649B10,0.0,0.0,,0.0,,,0.0,0.0,0.0,,,0.0,,,,0.0,0.0
20171004,MW1147-21,E5,5,Eugenol,1.0,uM,DTXSID9020617,True,TP0001649B10,0.0,0.0,,0.0,,,0.0,0.0,0.0,,,0.0,,,,0.0,0.0
20171004,MW1147-21,E6,5,Eugenol,3.0,uM,DTXSID9020617,True,TP0001649B10,0.238962255611634,0.06,,0.0,,,1.0,0.0,0.0,,,0.0,,,,0.0,0.0
20171004,MW1147-21,E7,5,Eugenol,10.0,uM,DTXSID9020617,True,TP0001649B10,0.0,0.0,,0.0,,,0.0,0.0,0.0,,,0.0,,,,0.0,0.0
20171004,MW1147-21,E8,5,Eugenol,20.0,uM,DTXSID9020617,True,TP0001649B10,0.0,0.0,,0.0,,,0.0,0.0,0.0,,,0.0,,,,0.0,0.0
20171004,MW1147-21,F1,5,2-(m-Chlorophenoxy)propionic acid,0.03,uM,DTXSID9034232,True,TP0001649D06,0.0,0.0,,0.0,,,0.0,0.0,0.0,,,0.0,,,,0.0,0.0
20171004,MW1147-21,F2,5,2-(m-Chlorophenoxy)propionic acid,0.0,uM,DTXSID9034232,True,TP0001649D06,0.0,0.0,,0.0,,,0.0,0.0,0.0,,,0.0,,,,0.0,0.0
20171004,MW1147-21,F3,5,2-(m-Chlorophenoxy)propionic acid,0.1,uM,DTXSID9034232,True,TP0001649D06,0.0,0.0,,0.0,,,0.0,0.0,0.0,,,0.0,,,,0.0,0.0
20171004,MW1147-21,F4,5,2-(m-Chlorophenoxy)propionic acid,0.3,uM,DTXSID9034232,True,TP0001649D06,0.0,0.0,,0.0,,,0.0,0.0,0.0,,,0.0,,,,0.0,0.0
20171004,MW1147-21,F5,5,2-(m-Chlorophenoxy)propionic acid,1.0,uM,DTXSID9034232,True,TP0001649D06,0.0,0.0,,0.0,,,0.0,0.0,0.0,,,0.0,,,,0.0,0.0
20171004,MW1147-21,F6,5,2-(m-Chlorophenoxy)propionic acid,3.0,uM,DTXSID9034232,True,TP0001649D06,0.0,0.0,,0.0,,,0.0,0.0,0.0,,,0.0,,,,0.0,0.0
20171004,MW1147-21,F7,5,2-(m-Chlorophenoxy)propionic acid,10.0,uM,DTXSID9034232,True,TP0001649D06,0.0,0.0,,0.0,,,0.0,0.0,0.0,,,0.0,,,,0.0,0.0
20171004,MW1147-21,F8,5,2-(m-Chlorophenoxy)propionic acid,20.0,uM,DTXSID9034232,True,TP0001649D06,0.171163662159031,0.0,,0.0,,,1.0,0.0,0.0,,,0.0,,,,0.0,0.0
20171004,MW1147-21,A1,7,Bisphenol AF,0.03,uM,DTXSID7037717,True,TP0001649A01,1.44261387916183,1.82,0.149051978609626,22.569,1.02,10.023,3.0,1.0,0.0,,,0.0,,,,-0.00259216162685238,1.06305662800343e-07
20171004,MW1147-21,A2,7,Bisphenol AF,0.0,uM,DTXSID7037717,True,TP0001649A01,0.431858224159871,0.16,,0.0,,,3.0,0.0,0.0,,,0.0,,,,-0.0014386074951344,0.0
20171004,MW1147-21,A3,7,Bisphenol AF,0.1,uM,DTXSID7037717,True,TP0001649A01,0.361116439584797,0.66,0.0458991304347811,17.231,0.211,95.022,1.0,1.0,0.0,,,0.0,,,,0.0,0.0
20171004,MW1147-21,A4,7,Bisphenol AF,0.3,uM,DTXSID7037717,True,TP0001649A01,1.31357493808353,2.712,0.104006891147797,30.9155,0.811,12.4365,5.0,2.0,0.0,,,0.0,,,,0.0112170973631755,2.40751874297507e-07
20171004,MW1147-21,A5,7,Bisphenol AF,1.0,uM,DTXSID7037717,True,TP0001649A01,0.807567471662249,3.048,0.0871173753342771,39.7985,0.45,11.9885,5.0,2.0,0.0,,,0.0,,,,0.00328516383646632,4.02810962363276e-09
20171004,MW1147-21,A6,7,Bisphenol AF,3.0,uM,DTXSID7037717,True,TP0001649A01,0.204447461180316,0.39,0.0440038709677412,27.407,0.227,65.637,2.0,1.0,0.0,,,0.0,,,,0.0167827960201597,0.0
20171004,MW1147-21,A7,7,Bisphenol AF,10.0,uM,DTXSID7037717,True,TP0001649A01,0.0,0.0,,0.0,,,0.0,0.0,0.0,,,0.0,,,,0.0,0.0
20171004,MW1147-21,A8,7,Bisphenol AF,20.0,uM,DTXSID7037717,True,TP0001649A01,0.0,0.0,,0.0,,,0.0,0.0,0.0,,,0.0,,,,0.0,0.0
20171004,MW1147-21,B1,7,Piperonyl butoxide,0.03,uM,DTXSID1021166,True,TP0001649A08,0.168891380975044,0.03,,0.0,,,2.0,0.0,0.0,,,0.0,,,,-0.00168879672609,0.0
20171004,MW1147-21,B2,7,Piperonyl butoxide,0.0,uM,DTXSID1021166,True,TP0001649A08,0.122779589458831,0.0,,0.0,,,4.0,0.0,0.0,,,0.0,,,,0.0086252421151516,0.0
20171004,MW1147-21,B3,7,Piperonyl butoxide,0.1,uM,DTXSID1021166,True,TP0001649A08,0.869695372520925,2.52,0.0670689456159823,76.665,0.468,3.022,7.0,1.0,0.0,,,0.0,,,,0.00203700102600539,2.17795328090927e-06
20171004,MW1147-21,B4,7,Piperonyl butoxide,0.3,uM,DTXSID1021166,True,TP0001649A08,1.42113208070448,1.21714285714286,0.0666273215690985,49.176,2.5295,43.441,7.0,4.0,7.0,9.71428571428571,0.155252267573696,1.04712041884817,108.941666666667,0.0746128929508611,13.7142857142857,0.0332323204307422,4.48360664828257e-05
20171004,MW1147-21,B5,7,Piperonyl butoxide,1.0,uM,DTXSID1021166,True,TP0001649A08,1.91294489323131,1.2,0.103819360654495,38.5726666666667,3.97533333333333,15.0663333333333,8.0,3.0,0.0,,,0.0,,,,0.00185628970539315,2.10346480030849e-05
20171004,MW1147-21,B6,7,Piperonyl butoxide,3.0,uM,DTXSID1021166,True,TP0001649A08,0.356894155060421,0.36,0.0970685148514865,16.949,0.516,44.491,5.0,1.0,1.0,5.0,0.10625,0.551876379690949,,,10.0,0.0454354183742307,9.97597479221457e-07
20171004,MW1147-21,B7,7,Piperonyl butoxide,10.0,uM,DTXSID1021166,True,TP0001649A08,0.0,0.0,,0.0,,,0.0,0.0,0.0,,,0.0,,,,0.0,0.0
20171004,MW1147-21,B8,7,Piperonyl butoxide,20.0,uM,DTXSID1021166,True,TP0001649A08,0.430006344982513,0.0,,0.0,,,1.0,0.0,0.0,,,0.0,,,,0.0,0.0
20171004,MW1147-21,C1,7,Tamoxifen,0.03,uM,DTXSID1034187,True,TP0001649B03,0.627231477371133,0.18,,0.0,,,2.0,0.0,0.0,,,0.0,,,,-0.000957635507572722,8.95815619600393e-09
20171004,MW1147-21,C2,7,Tamoxifen,0.0,uM,DTXSID1034187,True,TP0001649B03,0.333153064006693,0.43,0.0430527810650896,46.953,0.187,22.296,6.0,1.0,0.0,,,0.0,,,,0.00204635860979594,1.20385178069629e-06
20171004,MW1147-21,C3,7,Tamoxifen,0.1,uM,DTXSID1034187,True,TP0001649B03,0.0,0.0,,0.0,,,0.0,0.0,0.0,,,0.0,,,,0.0,0.0
20171004,MW1147-21,C4,7,Tamoxifen,0.3,uM,DTXSID1034187,True,TP0001649B03,0.475562572745518,0.0,,0.0,,,1.0,0.0,0.0,,,0.0,,,,0.0,0.0
20171004,MW1147-21,C5,7,Tamoxifen,1.0,uM,DTXSID1034187,True,TP0001649B03,0.0,0.0,,0.0,,,0.0,0.0,0.0,,,0.0,,,,0.0,0.0
20171004,MW1147-21,C6,7,Tamoxifen,3.0,uM,DTXSID1034187,True,TP0001649B03,0.0,0.0,,0.0,,,0.0,0.0,0.0,,,0.0,,,,0.0,0.0
20171004,MW1147-21,C7,7,Tamoxifen,10.0,uM,DTXSID1034187,True,TP0001649B03,0.0,0.0,,0.0,,,0.0,0.0,0.0,,,0.0,,,,0.0,0.0
20171004,MW1147-21,C8,7,Tamoxifen,20.0,uM,DTXSID1034187,True,TP0001649B03,0.0,0.0,,0.0,,,0.0,0.0,0.0,,,0.0,,,,0.0,0.0
20171004,MW1147-21,D1,7,6-Propyl-2-thiouracil,0.03,uM,DTXSID5021209,True,TP0001649B07,3.37838318325408,5.43,0.120565436708121,27.9335,1.2645,19.6325,2.0,2.0,0.0,,,0.0,,,,0.00352265795960701,1.19483244409579e-08
20171004,MW1147-21,D2,7,6-Propyl-2-thiouracil,0.0,uM,DTXSID5021209,True,TP0001649B07,0.859568238962459,0.42,0.0927859280169375,20.329,0.482,48.111,5.0,2.0,0.0,,,0.0,,,,0.00767521787278866,9.96452545112825e-06
20171004,MW1147-21,D3,7,6-Propyl-2-thiouracil,0.1,uM,DTXSID5021209,True,TP0001649B07,0.323708480202167,0.0,,0.0,,,3.0,0.0,0.0,,,0.0,,,,0.010364879697191,0.0
20171004,MW1147-21,D4,7,6-Propyl-2-thiouracil,0.3,uM,DTXSID5021209,True,TP0001649B07,0.0,0.0,,0.0,,,0.0,0.0,0.0,,,0.0,,,,0.0,0.0
20171004,MW1147-21,D5,7,6-Propyl-2-thiouracil,1.0,uM,DTXSID5021209,True,TP0001649B07,1.25779633726151,6.96,0.0473540955137481,70.23,0.315,8.075,1.0,1.0,0.0,,,0.0,,,,0.0,0.0
20171004,MW1147-21,D6,7,6-Propyl-2-thiouracil,3.0,uM,DTXSID5021209,True,TP0001649B07,0.337042010279144,0.72,0.0811015384615379,29.315,0.461,28.182,3.0,1.0,0.0,,,0.0,,,,0.0160555159129998,0.0
20171004,MW1147-21,D7,7,6-Propyl-2-thiouracil,10.0,uM,DTXSID5021209,True,TP0001649B07,0.270670660562636,0.012,,0.0,,,5.0,0.0,0.0,,,0.0,,,,0.00343799634308812,7.47833377529039e-07
20171004,MW1147-21,D8,7,6-Propyl-2-thiouracil,20.0,uM,DTXSID5021209,True,TP0001649B07,0.512600156292677,0.44,0.0924452173913056,11.765,0.425,38.953,3.0,1.0,0.0,,,0.0,,,,0.00199144462365256,0.0
20171004,MW1147-21,E1,7,Eugenol,0.03,uM,DTXSID9020617,True,TP0001649B10,0.411857929044405,0.68,0.0305186729857829,76.266,0.215,28.158,3.0,1.0,0.0,,,0.0,,,,0.00363290640797747,3.32961198601378e-06
20171004,MW1147-21,E2,7,Eugenol,0.0,uM,DTXSID9020617,True,TP0001649B10,0.434450855008172,0.0,,0.0,,,1.0,0.0,0.0,,,0.0,,,,0.0,0.0
20171004,MW1147-21,E3,7,Eugenol,0.1,uM,DTXSID9020617,True,TP0001649B10,0.0,0.0,,0.0,,,0.0,0.0,0.0,,,0.0,,,,0.0,0.0
20171004,MW1147-21,E4,7,Eugenol,0.3,uM,DTXSID9020617,True,TP0001649B10,0.183336038558436,0.42,,0.0,,,1.0,0.0,0.0,,,0.0,,,,0.0,0.0
20171004,MW1147-21,E5,7,Eugenol,1.0,uM,DTXSID9020617,True,TP0001649B10,2.84263453724443,1.04,0.177103795256063,50.6845,13.61,20.8785,3.0,2.0,0.0,,,0.0,,,,0.000956495592604655,2.23447506883523e-06
20171004,MW1147-21,E6,7,Eugenol,3.0,uM,DTXSID9020617,True,TP0001649B10,0.124446280718453,0.0,,0.0,,,1.0,0.0,0.0,,,0.0,,,,0.0,0.0
20171004,MW1147-21,E7,7,Eugenol,10.0,uM,DTXSID9020617,True,TP0001649B10,0.120001770692794,0.0,,0.0,,,1.0,0.0,0.0,,,0.0,,,,0.0,0.0
20171004,MW1147-21,E8,7,Eugenol,20.0,uM,DTXSID9020617,True,TP0001649B10,0.0,0.0,,0.0,,,0.0,0.0,0.0,,,0.0,,,,0.0,0.0
20171004,MW1147-21,F1,7,2-(m-Chlorophenoxy)propionic acid,0.03,uM,DTXSID9034232,True,TP0001649D06,2.14114270486124,1.8,0.100976198830408,14.3405,0.806,36.1005,3.0,2.0,0.0,,,0.0,,,,0.000800398870768292,2.23827724563086e-06
20171004,MW1147-21,F2,7,2-(m-Chlorophenoxy)propionic acid,0.0,uM,DTXSID9034232,True,TP0001649D06,3.0607859043372,1.68,0.0892483066164358,54.142,7.674,21.838,3.0,2.0,0.0,,,0.0,,,,0.00199304065310752,1.89418409846098e-08
20171004,MW1147-21,F3,7,2-(m-Chlorophenoxy)propionic acid,0.1,uM,DTXSID9034232,True,TP0001649D06,0.0,0.0,,0.0,,,0.0,0.0,0.0,,,0.0,,,,0.0,0.0
20171004,MW1147-21,F4,7,2-(m-Chlorophenoxy)propionic acid,0.3,uM,DTXSID9034232,True,TP0001649D06,0.111112750641476,0.0,,0.0,,,1.0,0.0,0.0,,,0.0,,,,0.0,0.0
20171004,MW1147-21,F5,7,2-(m-Chlorophenoxy)propionic acid,1.0,uM,DTXSID9034232,True,TP0001649D06,0.154446723391652,0.0,,0.0,,,1.0,0.0,0.0,,,0.0,,,,0.0,0.0
20171004,MW1147-21,F6,7,2-(m-Chlorophenoxy)propionic acid,3.0,uM,DTXSID9034232,True,TP0001649D06,0.0,0.0,,0.0,,,0.0,0.0,0.0,,,0.0,,,,0.0,0.0
20171004,MW1147-21,F7,7,2-(m-Chlorophenoxy)propionic acid,10.0,uM,DTXSID9034232,True,TP0001649D06,0.504174106035698,0.135,0.0771587878787856,10.302,0.318,116.536,4.0,1.0,0.0,,,0.0,,,,-0.000165734189488001,3.06098568029119e-06
20171004,MW1147-21,F8,7,2-(m-Chlorophenoxy)propionic acid,20.0,uM,DTXSID9034232,True,TP0001649D06,1.18853605602832,0.56,0.143827540983605,6.1,0.763,34.411,3.0,1.0,0.0,,,0.0,,,,0.00182062598075926,1.53718847869522e-05
20171004,MW1147-22,A1,5,Bisphenol AF,0.03,uM,DTXSID7037717,True,TP0001649A01,0.0,0.0,,0.0,,,0.0,0.0,0.0,,,0.0,,,,0.0,0.0
20171004,MW1147-22,A2,5,Bisphenol AF,0.0,uM,DTXSID7037717,True,TP0001649A01,0.0,0.0,,0.0,,,0.0,0.0,0.0,,,0.0,,,,0.0,0.0
20171004,MW1147-22,A3,5,Bisphenol AF,0.1,uM,DTXSID7037717,True,TP0001649A01,0.0,0.0,,0.0,,,0.0,0.0,0.0,,,0.0,,,,0.0,0.0
20171004,MW1147-22,A4,5,Bisphenol AF,0.3,uM,DTXSID7037717,True,TP0001649A01,0.0,0.0,,0.0,,,0.0,0.0,0.0,,,0.0,,,,0.0,0.0
20171004,MW1147-22,A5,5,Bisphenol AF,1.0,uM,DTXSID7037717,True,TP0001649A01,0.109026087317169,0.0,,0.0,,,1.0,0.0,0.0,,,0.0,,,,0.0,0.0
20171004,MW1147-22,A6,5,Bisphenol AF,3.0,uM,DTXSID7037717,True,TP0001649A01,0.0,0.0,,0.0,,,0.0,0.0,0.0,,,0.0,,,,0.0,0.0
20171004,MW1147-22,A7,5,Bisphenol AF,10.0,uM,DTXSID7037717,True,TP0001649A01,0.0,0.0,,0.0,,,0.0,0.0,0.0,,,0.0,,,,0.0,0.0
20171004,MW1147-22,A8,5,Bisphenol AF,20.0,uM,DTXSID7037717,True,TP0001649A01,0.0,0.0,,0.0,,,0.0,0.0,0.0,,,0.0,,,,0.0,0.0
20171004,MW1147-22,B1,5,Piperonyl butoxide,0.03,uM,DTXSID1021166,True,TP0001649A08,0.0,0.0,,0.0,,,0.0,0.0,0.0,,,0.0,,,,0.0,0.0
20171004,MW1147-22,B2,5,Piperonyl butoxide,0.0,uM,DTXSID1021166,True,TP0001649A08,0.0,0.0,,0.0,,,0.0,0.0,0.0,,,0.0,,,,0.0,0.0
20171004,MW1147-22,B3,5,Piperonyl butoxide,0.1,uM,DTXSID1021166,True,TP0001649A08,0.0,0.0,,0.0,,,0.0,0.0,0.0,,,0.0,,,,0.0,0.0
20171004,MW1147-22,B4,5,Piperonyl butoxide,0.3,uM,DTXSID1021166,True,TP0001649A08,0.20136450820824,0.0,,0.0,,,1.0,0.0,0.0,,,0.0,,,,0.0,0.0
20171004,MW1147-22,B5,5,Piperonyl butoxide,1.0,uM,DTXSID1021166,True,TP0001649A08,0.0,0.0,,0.0,,,0.0,0.0,0.0,,,0.0,,,,0.0,0.0
20171004,MW1147-22,B6,5,Piperonyl butoxide,3.0,uM,DTXSID1021166,True,TP0001649A08,0.0,0.0,,0.0,,,0.0,0.0,0.0,,,0.0,,,,0.0,0.0
20171004,MW1147-22,B7,5,Piperonyl butoxide,10.0,uM,DTXSID1021166,True,TP0001649A08,0.0,0.0,,0.0,,,0.0,0.0,0.0,,,0.0,,,,0.0,0.0
20171004,MW1147-22,B8,5,Piperonyl butoxide,20.0,uM,DTXSID1021166,True,TP0001649A08,0.0,0.0,,0.0,,,0.0,0.0,0.0,,,0.0,,,,0.0,0.0
20171004,MW1147-22,C1,5,Tamoxifen,0.03,uM,DTXSID1034187,True,TP0001649B03,0.0,0.0,,0.0,,,0.0,0.0,0.0,,,0.0,,,,0.0,0.0
20171004,MW1147-22,C2,5,Tamoxifen,0.0,uM,DTXSID1034187,True,TP0001649B03,0.390491394370676,0.0,,0.0,,,1.0,0.0,0.0,,,0.0,,,,0.0,0.0
20171004,MW1147-22,C3,5,Tamoxifen,0.1,uM,DTXSID1034187,True,TP0001649B03,0.0,0.0,,0.0,,,0.0,0.0,0.0,,,0.0,,,,0.0,0.0
20171004,MW1147-22,C4,5,Tamoxifen,0.3,uM,DTXSID1034187,True,TP0001649B03,0.0,0.0,,0.0,,,0.0,0.0,0.0,,,0.0,,,,0.0,0.0
20171004,MW1147-22,C5,5,Tamoxifen,1.0,uM,DTXSID1034187,True,TP0001649B03,0.0,0.0,,0.0,,,0.0,0.0,0.0,,,0.0,,,,0.0,0.0
20171004,MW1147-22,C6,5,Tamoxifen,3.0,uM,DTXSID1034187,True,TP0001649B03,0.0,0.0,,0.0,,,0.0,0.0,0.0,,,0.0,,,,0.0,0.0
20171004,MW1147-22,C7,5,Tamoxifen,10.0,uM,DTXSID1034187,True,TP0001649B03,0.0,0.0,,0.0,,,0.0,0.0,0.0,,,0.0,,,,0.0,0.0
20171004,MW1147-22,C8,5,Tamoxifen,20.0,uM,DTXSID1034187,True,TP0001649B03,0.0,0.0,,0.0,,,0.0,0.0,0.0,,,0.0,,,,0.0,0.0
20171004,MW1147-22,D1,5,6-Propyl-2-thiouracil,0.03,uM,DTXSID5021209,True,TP0001649B07,0.0,0.0,,0.0,,,0.0,0.0,0.0,,,0.0,,,,0.0,0.0
20171004,MW1147-22,D2,5,6-Propyl-2-thiouracil,0.0,uM,DTXSID5021209,True,TP0001649B07,1.39731393541188,0.06,,0.0,,,1.0,0.0,0.0,,,0.0,,,,0.0,0.0
20171004,MW1147-22,D3,5,6-Propyl-2-thiouracil,0.1,uM,DTXSID5021209,True,TP0001649B07,0.0,0.0,,0.0,,,0.0,0.0,0.0,,,0.0,,,,0.0,0.0
20171004,MW1147-22,D4,5,6-Propyl-2-thiouracil,0.3,uM,DTXSID5021209,True,TP0001649B07,0.0,0.0,,0.0,,,0.0,0.0,0.0,,,0.0,,,,0.0,0.0
20171004,MW1147-22,D5,5,6-Propyl-2-thiouracil,1.0,uM,DTXSID5021209,True,TP0001649B07,0.0,0.0,,0.0,,,0.0,0.0,0.0,,,0.0,,,,0.0,0.0
20171004,MW1147-22,D6,5,6-Propyl-2-thiouracil,3.0,uM,DTXSID5021209,True,TP0001649B07,0.451123249052163,0.0,,0.0,,,2.0,0.0,0.0,,,0.0,,,,0.480158702991942,0.0
20171004,MW1147-22,D7,5,6-Propyl-2-thiouracil,10.0,uM,DTXSID5021209,True,TP0001649B07,0.0,0.0,,0.0,,,0.0,0.0,0.0,,,0.0,,,,0.0,0.0
20171004,MW1147-22,D8,5,6-Propyl-2-thiouracil,20.0,uM,DTXSID5021209,True,TP0001649B07,0.0,0.0,,0.0,,,0.0,0.0,0.0,,,0.0,,,,0.0,0.0
20171004,MW1147-22,E1,5,Eugenol,0.03,uM,DTXSID9020617,True,TP0001649B10,0.0,0.0,,0.0,,,0.0,0.0,0.0,,,0.0,,,,0.0,0.0
20171004,MW1147-22,E2,5,Eugenol,0.0,uM,DTXSID9020617,True,TP0001649B10,0.0,0.0,,0.0,,,0.0,0.0,0.0,,,0.0,,,,0.0,0.0
20171004,MW1147-22,E3,5,Eugenol,0.1,uM,DTXSID9020617,True,TP0001649B10,0.0,0.0,,0.0,,,0.0,0.0,0.0,,,0.0,,,,0.0,0.0
20171004,MW1147-22,E4,5,Eugenol,0.3,uM,DTXSID9020617,True,TP0001649B10,0.0,0.0,,0.0,,,0.0,0.0,0.0,,,0.0,,,,0.0,0.0
20171004,MW1147-22,E5,5,Eugenol,1.0,uM,DTXSID9020617,True,TP0001649B10,0.0,0.0,,0.0,,,0.0,0.0,0.0,,,0.0,,,,0.0,0.0
20171004,MW1147-22,E6,5,Eugenol,3.0,uM,DTXSID9020617,True,TP0001649B10,0.0,0.0,,0.0,,,0.0,0.0,0.0,,,0.0,,,,0.0,0.0
20171004,MW1147-22,E7,5,Eugenol,10.0,uM,DTXSID9020617,True,TP0001649B10,0.0,0.0,,0.0,,,0.0,0.0,0.0,,,0.0,,,,0.0,0.0
20171004,MW1147-22,E8,5,Eugenol,20.0,uM,DTXSID9020617,True,TP0001649B10,0.213602130254045,0.0,,0.0,,,1.0,0.0,0.0,,,0.0,,,,0.0,0.0
20171004,MW1147-22,F1,5,2-(m-Chlorophenoxy)propionic acid,0.03,uM,DTXSID9034232,True,TP0001649D06,0.0,0.0,,0.0,,,0.0,0.0,0.0,,,0.0,,,,0.0,0.0
20171004,MW1147-22,F2,5,2-(m-Chlorophenoxy)propionic acid,0.0,uM,DTXSID9034232,True,TP0001649D06,0.0,0.0,,0.0,,,0.0,0.0,0.0,,,0.0,,,,0.0,0.0
20171004,MW1147-22,F3,5,2-(m-Chlorophenoxy)propionic acid,0.1,uM,DTXSID9034232,True,TP0001649D06,0.0,0.0,,0.0,,,0.0,0.0,0.0,,,0.0,,,,0.0,0.0
20171004,MW1147-22,F4,5,2-(m-Chlorophenoxy)propionic acid,0.3,uM,DTXSID9034232,True,TP0001649D06,0.0,0.0,,0.0,,,0.0,0.0,0.0,,,0.0,,,,0.0,0.0
20171004,MW1147-22,F5,5,2-(m-Chlorophenoxy)propionic acid,1.0,uM,DTXSID9034232,True,TP0001649D06,0.0,0.0,,0.0,,,0.0,0.0,0.0,,,0.0,,,,0.0,0.0
20171004,MW1147-22,F6,5,2-(m-Chlorophenoxy)propionic acid,3.0,uM,DTXSID9034232,True,TP0001649D06,0.0,0.0,,0.0,,,0.0,0.0,0.0,,,0.0,,,,0.0,0.0
20171004,MW1147-22,F7,5,2-(m-Chlorophenoxy)propionic acid,10.0,uM,DTXSID9034232,True,TP0001649D06,0.0,0.0,,0.0,,,0.0,0.0,0.0,,,0.0,,,,0.0,0.0
20171004,MW1147-22,F8,5,2-(m-Chlorophenoxy)propionic acid,20.0,uM,DTXSID9034232,True,TP0001649D06,0.0,0.0,,0.0,,,0.0,0.0,0.0,,,0.0,,,,0.0,0.0
20171004,MW1147-22,A1,7,Bisphenol AF,0.03,uM,DTXSID7037717,True,TP0001649A01,0.101391574639044,0.15,,0.0,,,4.0,0.0,0.0,,,0.0,,,,0.0281176987360478,0.0
20171004,MW1147-22,A2,7,Bisphenol AF,0.0,uM,DTXSID7037717,True,TP0001649A01,0.248895481853653,0.0,,0.0,,,2.0,0.0,0.0,,,0.0,,,,0.00710879033914911,0.0
20171004,MW1147-22,A3,7,Bisphenol AF,0.1,uM,DTXSID7037717,True,TP0001649A01,1.69315596093123,4.044,0.106936602980431,36.0513333333333,0.783666666666667,12.1386666666667,5.0,3.0,0.0,,,0.0,,,,0.000785435929575762,2.97441884900274e-05
20171004,MW1147-22,A4,7,Bisphenol AF,0.3,uM,DTXSID7037717,True,TP0001649A01,3.54898289750253,4.68,0.136914319526627,23.356,1.322,11.167,1.0,1.0,0.0,,,0.0,,,,0.0,0.0
20171004,MW1147-22,A5,7,Bisphenol AF,1.0,uM,DTXSID7037717,True,TP0001649A01,1.85967889045713,1.9,0.120043992994746,29.413,1.692,9.166,3.0,1.0,0.0,,,0.0,,,,0.000741808625399185,2.32960925404535e-06
20171004,MW1147-22,A6,7,Bisphenol AF,3.0,uM,DTXSID7037717,True,TP0001649A01,0.345564709180741,0.225,0.0315807792207794,47.262,0.486,43.656,4.0,1.0,0.0,,,0.0,,,,0.0277988617231019,1.76727928816803e-05
20171004,MW1147-22,A7,7,Bisphenol AF,10.0,uM,DTXSID7037717,True,TP0001649A01,2.06227684964455,3.51,0.144340657276995,26.364,1.171,7.363,2.0,1.0,0.0,,,0.0,,,,0.00129645038947493,0.0
20171004,MW1147-22,A8,7,Bisphenol AF,20.0,uM,DTXSID7037717,True,TP0001649A01,0.0,0.0,,0.0,,,0.0,0.0,0.0,,,0.0,,,,0.0,0.0
20171004,MW1147-22,B1,7,Piperonyl butoxide,0.03,uM,DTXSID1021166,True,TP0001649A08,0.482679452309048,2.052,0.0340787407407406,90.841,0.263,6.153,5.0,1.0,0.0,,,0.0,,,,0.00436310984875396,2.96230667079511e-07
20171004,MW1147-22,B2,7,Piperonyl butoxide,0.0,uM,DTXSID1021166,True,TP0001649A08,0.412233141820112,0.0,,0.0,,,3.0,0.0,0.0,,,0.0,,,,-0.000367023977326808,3.81319600407243e-06
20171004,MW1147-22,B3,7,Piperonyl butoxide,0.1,uM,DTXSID1021166,True,TP0001649A08,0.45490093870931,1.8,0.0344730964467005,80.919,0.212,6.766,5.0,1.0,0.0,,,0.0,,,,-0.000762775484681215,1.40285867644696e-08
20171004,MW1147-22,B4,7,Piperonyl butoxide,0.3,uM,DTXSID1021166,True,TP0001649A08,0.258062391341566,0.24,0.0616871111111111,9.825,0.252,79.768,4.0,1.0,0.0,,,0.0,,,,0.00632728468896031,0.0
20171004,MW1147-22,B5,7,Piperonyl butoxide,1.0,uM,DTXSID1021166,True,TP0001649A08,0.345194328999411,0.2,0.0332617142857166,79.0,0.259,53.339,3.0,1.0,0.0,,,0.0,,,,0.0253587239662607,0.0
20171004,MW1147-22,B6,7,Piperonyl butoxide,3.0,uM,DTXSID1021166,True,TP0001649A08,0.344453568636751,0.03,,0.0,,,2.0,0.0,0.0,,,0.0,,,,0.0023991362863438,0.0
20171004,MW1147-22,B7,7,Piperonyl butoxide,10.0,uM,DTXSID1021166,True,TP0001649A08,0.686684856185524,0.66,0.0579312941176472,26.546,0.274,47.473,2.0,1.0,0.0,,,0.0,,,,0.00214741944661768,2.1740208841492e-08
20171004,MW1147-22,B8,7,Piperonyl butoxide,20.0,uM,DTXSID1021166,True,TP0001649A08,0.0,0.0,,0.0,,,0.0,0.0,0.0,,,0.0,,,,0.0,0.0
20171004,MW1147-22,C1,7,Tamoxifen,0.03,uM,DTXSID1034187,True,TP0001649B03,0.0955580867830988,0.0,,0.0,,,1.0,0.0,0.0,,,0.0,,,,0.0,0.0
20171004,MW1147-22,C2,7,Tamoxifen,0.0,uM,DTXSID1034187,True,TP0001649B03,0.651961714185851,0.87,0.0651555993628025,18.3906666666667,0.369333333333333,56.688,4.0,3.0,1.0,7.0,0.102083333333334,0.440705128205128,,,11.0,0.0166687572666772,4.24344316678436e-05
20171004,MW1147-22,C3,7,Tamoxifen,0.1,uM,DTXSID1034187,True,TP0001649B03,0.0,0.0,,0.0,,,0.0,0.0,0.0,,,0.0,,,,0.0,0.0
20171004,MW1147-22,C4,7,Tamoxifen,0.3,uM,DTXSID1034187,True,TP0001649B03,0.0,0.0,,0.0,,,0.0,0.0,0.0,,,0.0,,,,0.0,0.0
20171004,MW1147-22,C5,7,Tamoxifen,1.0,uM,DTXSID1034187,True,TP0001649B03,0.0,0.0,,0.0,,,0.0,0.0,0.0,,,0.0,,,,0.0,0.0
20171004,MW1147-22,C6,7,Tamoxifen,3.0,uM,DTXSID1034187,True,TP0001649B03,0.0,0.0,,0.0,,,0.0,0.0,0.0,,,0.0,,,,0.0,0.0
20171004,MW1147-22,C7,7,Tamoxifen,10.0,uM,DTXSID1034187,True,TP0001649B03,0.0,0.0,,0.0,,,0.0,0.0,0.0,,,0.0,,,,0.0,0.0
20171004,MW1147-22,C8,7,Tamoxifen,20.0,uM,DTXSID1034187,True,TP0001649B03,0.0,0.0,,0.0,,,0.0,0.0,0.0,,,0.0,,,,0.0,0.0
20171004,MW1147-22,D1,7,6-Propyl-2-thiouracil,0.03,uM,DTXSID5021209,True,TP0001649B07,2.37839633440957,1.524,0.128135659836366,48.312,5.794,23.942,10.0,3.0,1.0,8.0,0.191666666666666,0.0559388402013798,,,12.0,0.00749948974218416,1.80543788759341e-05
20171004,MW1147-22,D2,7,6-Propyl-2-thiouracil,0.0,uM,DTXSID5021209,True,TP0001649B07,1.87310517203033,2.97,0.15307233648953,53.3465,2.93,12.1515,4.0,2.0,0.0,,,0.0,,,,6.95905131288247e-05,1.44820826442071e-08
20171004,MW1147-22,D3,7,6-Propyl-2-thiouracil,0.1,uM,DTXSID5021209,True,TP0001649B07,0.310748972135736,0.06,,0.0,,,3.0,0.0,0.0,,,0.0,,,,0.00129987894664547,0.0
20171004,MW1147-22,D4,7,6-Propyl-2-thiouracil,0.3,uM,DTXSID5021209,True,TP0001649B07,0.576311562149231,0.3,,0.0,,,3.0,0.0,0.0,,,0.0,,,,0.0116969917818574,3.74599509894713e-06
20171004,MW1147-22,D5,7,6-Propyl-2-thiouracil,1.0,uM,DTXSID5021209,True,TP0001649B07,2.08449966052434,2.61,0.139812180451128,16.676,0.954,10.639,2.0,1.0,0.0,,,0.0,,,,0.00554608579111007,0.0
20171004,MW1147-22,D6,7,6-Propyl-2-thiouracil,3.0,uM,DTXSID5021209,True,TP0001649B07,0.249784394288844,0.696,0.0611189225948142,44.3996666666667,0.340666666666667,77.5873333333333,5.0,3.0,2.0,7.0,0.0837499999999999,1.67064439140811,411.05,0.022980970388563,10.5,0.0717107779140388,0.0
20171004,MW1147-22,D7,7,6-Propyl-2-thiouracil,10.0,uM,DTXSID5021209,True,TP0001649B07,0.420566695900034,0.06,,0.0,,,2.0,0.0,0.0,,,0.0,,,,-0.00156759810012623,2.30233077827893e-06
20171004,MW1147-22,D8,7,6-Propyl-2-thiouracil,20.0,uM,DTXSID5021209,True,TP0001649B07,0.166115511326433,0.06,,0.0,,,2.0,0.0,0.0,,,0.0,,,,0.0050366020578938,0.0
20171004,MW1147-22,E1,7,Eugenol,0.03,uM,DTXSID9020617,True,TP0001649B10,0.0,0.0,,0.0,,,0.0,0.0,0.0,,,0.0,,,,0.0,0.0
20171004,MW1147-22,E2,7,Eugenol,0.0,uM,DTXSID9020617,True,TP0001649B10,0.446122928411793,0.015,,0.0,,,4.0,0.0,0.0,,,0.0,,,,0.00356528880081079,8.11447103589435e-06
20171004,MW1147-22,E3,7,Eugenol,0.1,uM,DTXSID9020617,True,TP0001649B10,1.41837090440262,1.29,0.171569956331878,12.624,1.007,12.778,2.0,1.0,0.0,,,0.0,,,,-0.0022757649455332,2.54836083425636e-06
20171004,MW1147-22,E4,7,Eugenol,0.3,uM,DTXSID9020617,True,TP0001649B10,2.22061437716306,1.92,0.121586009852217,12.311,0.866,14.838,2.0,1.0,0.0,,,0.0,,,,0.000149403301600946,0.0
20171004,MW1147-22,E5,7,Eugenol,1.0,uM,DTXSID9020617,True,TP0001649B10,0.618460826784567,1.968,0.0724847225501767,50.663,0.418,5.644,5.0,1.0,0.0,,,0.0,,,,0.00470319529091064,1.8517416772168e-07
20171004,MW1147-22,E6,7,Eugenol,3.0,uM,DTXSID9020617,True,TP0001649B10,0.406307058918835,0.58,0.0575362711864416,17.54,0.261,29.823,3.0,1.0,0.0,,,0.0,,,,2.74285953268444e-05,0.0
20171004,MW1147-22,E7,7,Eugenol,10.0,uM,DTXSID9020617,True,TP0001649B10,1.70337845393594,0.06,,0.0,,,1.0,0.0,0.0,,,0.0,,,,0.0,0.0
20171004,MW1147-22,E8,7,Eugenol,20.0,uM,DTXSID9020617,True,TP0001649B10,0.469271689744908,0.26,0.0486151724137904,37.838,0.235,76.837,3.0,1.0,0.0,,,0.0,,,,0.000692895443868573,0.0
20171004,MW1147-22,F1,7,2-(m-Chlorophenoxy)propionic acid,0.03,uM,DTXSID9034232,True,TP0001649D06,0.25556232511759,0.0,,0.0,,,1.0,0.0,0.0,,,0.0,,,,0.0,0.0
20171004,MW1147-22,F2,7,2-(m-Chlorophenoxy)propionic acid,0.0,uM,DTXSID9034232,True,TP0001649D06,1.10475148586158,0.33,0.144995744680852,2.31,0.852,76.683,4.0,1.0,0.0,,,0.0,,,,0.00518532009163544,9.72779622687714e-08
20171004,MW1147-22,F3,7,2-(m-Chlorophenoxy)propionic acid,0.1,uM,DTXSID9034232,True,TP0001649D06,0.403344017468196,0.06,,0.0,,,2.0,0.0,0.0,,,0.0,,,,-0.00106818920894863,0.0
20171004,MW1147-22,F4,7,2-(m-Chlorophenoxy)propionic acid,0.3,uM,DTXSID9034232,True,TP0001649D06,0.304452509053129,0.0,,0.0,,,1.0,0.0,0.0,,,0.0,,,,0.0,0.0
20171004,MW1147-22,F5,7,2-(m-Chlorophenoxy)propionic acid,1.0,uM,DTXSID9034232,True,TP0001649D06,1.53131040398099,0.702857142857143,0.0723882358494565,95.6025,11.3875,14.75,7.0,2.0,0.0,,,0.0,,,,0.00616742691352038,5.7076063476269e-05
20171004,MW1147-22,F6,7,2-(m-Chlorophenoxy)propionic acid,3.0,uM,DTXSID9034232,True,TP0001649D06,1.1729940342716,0.46,0.0918922666666665,5.842,0.383,43.582,3.0,1.0,0.0,,,0.0,,,,6.19647900004641e-05,7.73511453368292e-06
20171004,MW1147-22,F7,7,2-(m-Chlorophenoxy)propionic acid,10.0,uM,DTXSID9034232,True,TP0001649D06,0.630016688442058,0.44,0.0846481481481489,16.06,0.457,39.315,3.0,1.0,0.0,,,0.0,,,,-0.00122738224793924,1.48306497638195e-06
20171004,MW1147-22,F8,7,2-(m-Chlorophenoxy)propionic acid,20.0,uM,DTXSID9034232,True,TP0001649D06,0.363342957884573,0.0,,0.0,,,1.0,0.0,0.0,,,0.0,,,,0.0,0.0
20171004,MW1147-23,A1,5,Clove leaf oil,0.03,uM,DTXSID8044175,True,TP0001649E02,0.0,0.0,,0.0,,,0.0,0.0,0.0,,,0.0,,,,0.0,0.0
20171004,MW1147-23,A2,5,Clove leaf oil,0.0,uM,DTXSID8044175,True,TP0001649E02,0.0,0.0,,0.0,,,0.0,0.0,0.0,,,0.0,,,,0.0,0.0
20171004,MW1147-23,A3,5,Clove leaf oil,0.1,uM,DTXSID8044175,True,TP0001649E02,0.0,0.0,,0.0,,,0.0,0.0,0.0,,,0.0,,,,0.0,0.0
20171004,MW1147-23,A4,5,Clove leaf oil,0.3,uM,DTXSID8044175,True,TP0001649E02,0.0,0.0,,0.0,,,0.0,0.0,0.0,,,0.0,,,,0.0,0.0
20171004,MW1147-23,A5,5,Clove leaf oil,1.0,uM,DTXSID8044175,True,TP0001649E02,0.0,0.0,,0.0,,,0.0,0.0,0.0,,,0.0,,,,0.0,0.0
20171004,MW1147-23,A6,5,Clove leaf oil,3.0,uM,DTXSID8044175,True,TP0001649E02,0.0,0.0,,0.0,,,0.0,0.0,0.0,,,0.0,,,,0.0,0.0
20171004,MW1147-23,A7,5,Clove leaf oil,10.0,uM,DTXSID8044175,True,TP0001649E02,0.0,0.0,,0.0,,,0.0,0.0,0.0,,,0.0,,,,0.0,0.0
20171004,MW1147-23,A8,5,Clove leaf oil,20.0,uM,DTXSID8044175,True,TP0001649E02,0.0,0.0,,0.0,,,0.0,0.0,0.0,,,0.0,,,,0.0,0.0
20171004,MW1147-23,B1,5,Diphenhydramine hydrochloride,0.03,uM,DTXSID4020537,True,TP0001649G01,0.0,0.0,,0.0,,,0.0,0.0,0.0,,,0.0,,,,0.0,0.0
20171004,MW1147-23,B2,5,Diphenhydramine hydrochloride,0.0,uM,DTXSID4020537,True,TP0001649G01,0.0,0.0,,0.0,,,0.0,0.0,0.0,,,0.0,,,,0.0,0.0
20171004,MW1147-23,B3,5,Diphenhydramine hydrochloride,0.1,uM,DTXSID4020537,True,TP0001649G01,0.0,0.0,,0.0,,,0.0,0.0,0.0,,,0.0,,,,0.0,0.0
20171004,MW1147-23,B4,5,Diphenhydramine hydrochloride,0.3,uM,DTXSID4020537,True,TP0001649G01,0.0,0.0,,0.0,,,0.0,0.0,0.0,,,0.0,,,,0.0,0.0
20171004,MW1147-23,B5,5,Diphenhydramine hydrochloride,1.0,uM,DTXSID4020537,True,TP0001649G01,0.0,0.0,,0.0,,,0.0,0.0,0.0,,,0.0,,,,0.0,0.0
20171004,MW1147-23,B6,5,Diphenhydramine hydrochloride,3.0,uM,DTXSID4020537,True,TP0001649G01,0.0,0.0,,0.0,,,0.0,0.0,0.0,,,0.0,,,,0.0,0.0
20171004,MW1147-23,B7,5,Diphenhydramine hydrochloride,10.0,uM,DTXSID4020537,True,TP0001649G01,0.0,0.0,,0.0,,,0.0,0.0,0.0,,,0.0,,,,0.0,0.0
20171004,MW1147-23,B8,5,Diphenhydramine hydrochloride,20.0,uM,DTXSID4020537,True,TP0001649G01,0.0,0.0,,0.0,,,0.0,0.0,0.0,,,0.0,,,,0.0,0.0
20171004,MW1147-23,C1,5,17beta-Estradiol,0.03,uM,DTXSID0020573,True,TP0001649G08,0.0,0.0,,0.0,,,0.0,0.0,0.0,,,0.0,,,,0.0,0.0
20171004,MW1147-23,C2,5,17beta-Estradiol,0.0,uM,DTXSID0020573,True,TP0001649G08,0.103372568966176,0.0,,0.0,,,1.0,0.0,0.0,,,0.0,,,,0.0,0.0
20171004,MW1147-23,C3,5,17beta-Estradiol,0.1,uM,DTXSID0020573,True,TP0001649G08,0.0,0.0,,0.0,,,0.0,0.0,0.0,,,0.0,,,,0.0,0.0
20171004,MW1147-23,C4,5,17beta-Estradiol,0.3,uM,DTXSID0020573,True,TP0001649G08,0.0,0.0,,0.0,,,0.0,0.0,0.0,,,0.0,,,,0.0,0.0
20171004,MW1147-23,C5,5,17beta-Estradiol,1.0,uM,DTXSID0020573,True,TP0001649G08,0.0,0.0,,0.0,,,0.0,0.0,0.0,,,0.0,,,,0.0,0.0
20171004,MW1147-23,C6,5,17beta-Estradiol,3.0,uM,DTXSID0020573,True,TP0001649G08,0.0,0.0,,0.0,,,0.0,0.0,0.0,,,0.0,,,,0.0,0.0
20171004,MW1147-23,C7,5,17beta-Estradiol,10.0,uM,DTXSID0020573,True,TP0001649G08,0.0,0.0,,0.0,,,0.0,0.0,0.0,,,0.0,,,,0.0,0.0
20171004,MW1147-23,C8,5,17beta-Estradiol,20.0,uM,DTXSID0020573,True,TP0001649G08,0.0,0.0,,0.0,,,0.0,0.0,0.0,,,0.0,,,,0.0,0.0
20171004,MW1147-23,D1,5,Bisphenol B,0.03,uM,DTXSID4022442,True,TP0001649H02,0.0,0.0,,0.0,,,0.0,0.0,0.0,,,0.0,,,,0.0,0.0
20171004,MW1147-23,D2,5,Bisphenol B,0.0,uM,DTXSID4022442,True,TP0001649H02,0.0,0.0,,0.0,,,0.0,0.0,0.0,,,0.0,,,,0.0,0.0
20171004,MW1147-23,D3,5,Bisphenol B,0.1,uM,DTXSID4022442,True,TP0001649H02,0.0,0.0,,0.0,,,0.0,0.0,0.0,,,0.0,,,,0.0,0.0
20171004,MW1147-23,D4,5,Bisphenol B,0.3,uM,DTXSID4022442,True,TP0001649H02,0.0,0.0,,0.0,,,0.0,0.0,0.0,,,0.0,,,,0.0,0.0
20171004,MW1147-23,D5,5,Bisphenol B,1.0,uM,DTXSID4022442,True,TP0001649H02,0.604118185302333,0.0,,0.0,,,2.0,0.0,0.0,,,0.0,,,,0.00142213216303449,4.68982398061507e-06
20171004,MW1147-23,D6,5,Bisphenol B,3.0,uM,DTXSID4022442,True,TP0001649H02,0.0,0.0,,0.0,,,0.0,0.0,0.0,,,0.0,,,,0.0,0.0
20171004,MW1147-23,D7,5,Bisphenol B,10.0,uM,DTXSID4022442,True,TP0001649H02,0.0,0.0,,0.0,,,0.0,0.0,0.0,,,0.0,,,,0.0,0.0
20171004,MW1147-23,D8,5,Bisphenol B,20.0,uM,DTXSID4022442,True,TP0001649H02,0.454616996851249,0.0,,0.0,,,1.0,0.0,0.0,,,0.0,,,,0.0,0.0
20171004,MW1147-23,E1,5,Abamectin,0.0003,uM,DTXSID8023892,True,TP0001649H03,0.0,0.0,,0.0,,,0.0,0.0,0.0,,,0.0,,,,0.0,0.0
20171004,MW1147-23,E2,5,Abamectin,0.0,uM,DTXSID8023892,True,TP0001649H03,0.65913906878433,0.0,,0.0,,,1.0,0.0,0.0,,,0.0,,,,0.0,0.0
20171004,MW1147-23,E3,5,Abamectin,0.001,uM,DTXSID8023892,True,TP0001649H03,0.0,0.0,,0.0,,,0.0,0.0,0.0,,,0.0,,,,0.0,0.0
20171004,MW1147-23,E4,5,Abamectin,0.003,uM,DTXSID8023892,True,TP0001649H03,0.0,0.0,,0.0,,,0.0,0.0,0.0,,,0.0,,,,0.0,0.0
20171004,MW1147-23,E5,5,Abamectin,0.01,uM,DTXSID8023892,True,TP0001649H03,0.0,0.0,,0.0,,,0.0,0.0,0.0,,,0.0,,,,0.0,0.0
20171004,MW1147-23,E6,5,Abamectin,0.03,uM,DTXSID8023892,True,TP0001649H03,0.0,0.0,,0.0,,,0.0,0.0,0.0,,,0.0,,,,0.0,0.0
20171004,MW1147-23,E7,5,Abamectin,0.1,uM,DTXSID8023892,True,TP0001649H03,0.0,0.0,,0.0,,,0.0,0.0,0.0,,,0.0,,,,0.0,0.0
20171004,MW1147-23,E8,5,Abamectin,0.3,uM,DTXSID8023892,True,TP0001649H03,0.0,0.0,,0.0,,,0.0,0.0,0.0,,,0.0,,,,0.0,0.0
20171004,MW1147-23,F1,5,Octylbicycloheptenedicarboximide,0.03,uM,DTXSID6032562,True,TP0001649H11,0.0,0.0,,0.0,,,0.0,0.0,0.0,,,0.0,,,,0.0,0.0
20171004,MW1147-23,F2,5,Octylbicycloheptenedicarboximide,0.0,uM,DTXSID6032562,True,TP0001649H11,0.0,0.0,,0.0,,,0.0,0.0,0.0,,,0.0,,,,0.0,0.0
20171004,MW1147-23,F3,5,Octylbicycloheptenedicarboximide,0.1,uM,DTXSID6032562,True,TP0001649H11,0.0,0.0,,0.0,,,0.0,0.0,0.0,,,0.0,,,,0.0,0.0
20171004,MW1147-23,F4,5,Octylbicycloheptenedicarboximide,0.3,uM,DTXSID6032562,True,TP0001649H11,0.331236833891619,0.0,,0.0,,,1.0,0.0,0.0,,,0.0,,,,0.0,0.0
20171004,MW1147-23,F5,5,Octylbicycloheptenedicarboximide,1.0,uM,DTXSID6032562,True,TP0001649H11,0.0,0.0,,0.0,,,0.0,0.0,0.0,,,0.0,,,,0.0,0.0
20171004,MW1147-23,F6,5,Octylbicycloheptenedicarboximide,3.0,uM,DTXSID6032562,True,TP0001649H11,0.0,0.0,,0.0,,,0.0,0.0,0.0,,,0.0,,,,0.0,0.0
20171004,MW1147-23,F7,5,Octylbicycloheptenedicarboximide,10.0,uM,DTXSID6032562,True,TP0001649H11,0.0,0.0,,0.0,,,0.0,0.0,0.0,,,0.0,,,,0.0,0.0
20171004,MW1147-23,F8,5,Octylbicycloheptenedicarboximide,20.0,uM,DTXSID6032562,True,TP0001649H11,0.0,0.0,,0.0,,,0.0,0.0,0.0,,,0.0,,,,0.0,0.0
20171004,MW1147-23,A1,7,Clove leaf oil,0.03,uM,DTXSID8044175,True,TP0001649E02,1.49335045708524,1.18,0.083856446939321,8.7435,0.4745,33.9135,3.0,2.0,0.0,,,0.0,,,,0.00273111106222835,4.0945409673504e-06
20171004,MW1147-23,A2,7,Clove leaf oil,0.0,uM,DTXSID8044175,True,TP0001649E02,1.87766041939503,0.8175,0.0954555081639293,32.2904,3.468,59.4208,8.0,5.0,0.0,,,0.0,,,,0.0020089462340972,9.92651934018651e-06
20171004,MW1147-23,A3,7,Clove leaf oil,0.1,uM,DTXSID8044175,True,TP0001649E02,0.673341054310756,0.14,,0.0,,,3.0,0.0,0.0,,,0.0,,,,0.0011734641488133,1.91345990163683e-08
20171004,MW1147-23,A4,7,Clove leaf oil,0.3,uM,DTXSID8044175,True,TP0001649E02,0.200557855285629,0.57,0.0383702127659584,79.004,0.212,25.163,4.0,1.0,0.0,,,0.0,,,,0.00666196719964361,0.0
20171004,MW1147-23,A5,7,Clove leaf oil,1.0,uM,DTXSID8044175,True,TP0001649E02,1.0618640278927,0.18,,0.0,,,3.0,0.0,0.0,,,0.0,,,,0.00679920267667786,0.0
20171004,MW1147-23,A6,7,Clove leaf oil,3.0,uM,DTXSID8044175,True,TP0001649E02,2.94225596009056,6.78,0.146809258950875,51.17,1.754,2.733,2.0,1.0,0.0,,,0.0,,,,-0.00181258755308878,0.0
20171004,MW1147-23,A7,7,Clove leaf oil,10.0,uM,DTXSID8044175,True,TP0001649E02,0.278892086851485,0.72,0.0590318043377961,40.6545,0.4095,59.579,3.0,2.0,0.0,,,0.0,,,,0.04508434237987,0.0
20171004,MW1147-23,A8,7,Clove leaf oil,20.0,uM,DTXSID8044175,True,TP0001649E02,0.0,0.0,,0.0,,,0.0,0.0,0.0,,,0.0,,,,0.0,0.0
20171004,MW1147-23,B1,7,Diphenhydramine hydrochloride,0.03,uM,DTXSID4020537,True,TP0001649G01,0.343654734225079,0.102857142857143,,0.0,,,7.0,0.0,0.0,,,0.0,,,,0.00509459004341024,4.41352750520097e-06
20171004,MW1147-23,B2,7,Diphenhydramine hydrochloride,0.0,uM,DTXSID4020537,True,TP0001649G01,0.327781536339394,0.03,,0.0,,,2.0,0.0,0.0,,,0.0,,,,-0.00320777186012615,0.0
20171004,MW1147-23,B3,7,Diphenhydramine hydrochloride,0.1,uM,DTXSID4020537,True,TP0001649G01,0.801596493227091,1.31142857142857,0.103888568390171,34.942,0.502,25.716,7.0,2.0,0.0,,,0.0,,,,0.000559268697123001,1.08123644318216e-05
20171004,MW1147-23,B4,7,Diphenhydramine hydrochloride,0.3,uM,DTXSID4020537,True,TP0001649G01,1.35779334714149,0.94,0.0755519921298594,8.6335,0.33,39.0365,3.0,2.0,0.0,,,0.0,,,,-0.00184527248800286,1.36330739444746e-06
20171004,MW1147-23,B5,7,Diphenhydramine hydrochloride,1.0,uM,DTXSID4020537,True,TP0001649G01,0.881491589251705,0.18,,0.0,,,3.0,0.0,0.0,,,0.0,,,,0.00360011733065472,0.0
20171004,MW1147-23,B6,7,Diphenhydramine hydrochloride,3.0,uM,DTXSID4020537,True,TP0001649G01,0.331114907895388,0.0,,0.0,,,1.0,0.0,0.0,,,0.0,,,,0.0,0.0
20171004,MW1147-23,B7,7,Diphenhydramine hydrochloride,10.0,uM,DTXSID4020537,True,TP0001649G01,0.0,0.0,,0.0,,,0.0,0.0,0.0,,,0.0,,,,0.0,0.0
20171004,MW1147-23,B8,7,Diphenhydramine hydrochloride,20.0,uM,DTXSID4020537,True,TP0001649G01,0.0,0.0,,0.0,,,0.0,0.0,0.0,,,0.0,,,,0.0,0.0
20171004,MW1147-23,C1,7,17beta-Estradiol,0.03,uM,DTXSID0020573,True,TP0001649G08,1.73298283449947,0.87,0.0933062551551218,13.569,1.03066666666667,43.1173333333333,6.0,3.0,1.0,5.0,0.245833333333334,0.0943495125275186,,,9.0,0.00496059468155129,1.69820560659978e-05
20171004,MW1147-23,C2,7,17beta-Estradiol,0.0,uM,DTXSID0020573,True,TP0001649G08,1.65409304100761,1.84,0.141498879669821,20.4065,1.233,16.836,6.0,2.0,0.0,,,0.0,,,,0.00212106811729759,7.74115095979189e-06
20171004,MW1147-23,C3,7,17beta-Estradiol,0.1,uM,DTXSID0020573,True,TP0001649G08,0.253706612872865,0.66,0.0652030785525159,30.3215,0.3435,55.915,3.0,2.0,0.0,,,0.0,,,,0.046623171450715,0.0
20171004,MW1147-23,C4,7,17beta-Estradiol,0.3,uM,DTXSID0020573,True,TP0001649G08,0.221113646547592,0.54,0.0342161702127661,87.222,0.302,55.915,2.0,1.0,0.0,,,0.0,,,,0.0391216190510763,0.0
20171004,MW1147-23,C5,7,17beta-Estradiol,1.0,uM,DTXSID0020573,True,TP0001649G08,0.465838674950139,0.045,,0.0,,,4.0,0.0,0.0,,,0.0,,,,-0.00114896525809144,3.08800949214844e-06
20171004,MW1147-23,C6,7,17beta-Estradiol,3.0,uM,DTXSID0020573,True,TP0001649G08,0.251113990551536,0.06,,0.0,,,1.0,0.0,0.0,,,0.0,,,,0.0,0.0
20171004,MW1147-23,C7,7,17beta-Estradiol,10.0,uM,DTXSID0020573,True,TP0001649G08,0.445005102725178,0.24,,0.0,,,2.0,0.0,0.0,,,0.0,,,,-0.000125493447735671,0.0
20171004,MW1147-23,C8,7,17beta-Estradiol,20.0,uM,DTXSID0020573,True,TP0001649G08,0.0,0.0,,0.0,,,0.0,0.0,0.0,,,0.0,,,,0.0,0.0
20171004,MW1147-23,D1,7,Bisphenol B,0.03,uM,DTXSID4022442,True,TP0001649H02,0.80667591655051,2.508,0.0587101511879049,66.093,0.291,4.511,5.0,1.0,0.0,,,0.0,,,,-0.000395871441978516,2.26063570386154e-06
20171004,MW1147-23,D2,7,Bisphenol B,0.0,uM,DTXSID4022442,True,TP0001649H02,0.764008760633789,0.51,0.0826719838568233,31.3223333333333,0.574,41.4823333333333,10.0,3.0,1.0,8.0,0.165,0.115340253748558,,,8.0,0.00646371632145612,5.82788378665766e-06
20171004,MW1147-23,D3,7,Bisphenol B,0.1,uM,DTXSID4022442,True,TP0001649H02,0.278892086851485,0.0,,0.0,,,2.0,0.0,0.0,,,0.0,,,,0.00959799632579524,0.0
20171004,MW1147-23,D4,7,Bisphenol B,0.3,uM,DTXSID4022442,True,TP0001649H02,0.0972233370498204,0.18,,0.0,,,2.0,0.0,0.0,,,0.0,,,,0.0346022903528558,0.0
20171004,MW1147-23,D5,7,Bisphenol B,1.0,uM,DTXSID4022442,True,TP0001649H02,0.990752101364836,3.36,0.109343729897046,49.365,0.6085,29.0295,3.0,2.0,0.0,,,0.0,,,,0.0134431854787952,0.0
20171004,MW1147-23,D6,7,Bisphenol B,3.0,uM,DTXSID4022442,True,TP0001649H02,2.5444736210753,5.13,0.115886709129512,35.447,1.077,4.778,2.0,1.0,0.0,,,0.0,,,,0.00688987325438253,0.0
20171004,MW1147-23,D7,7,Bisphenol B,10.0,uM,DTXSID4022442,True,TP0001649H02,0.361115251899333,0.0,,0.0,,,2.0,0.0,0.0,,,0.0,,,,0.00175059794347622,0.0
20171004,MW1147-23,D8,7,Bisphenol B,20.0,uM,DTXSID4022442,True,TP0001649H02,0.825565022034475,0.0,,0.0,,,1.0,0.0,0.0,,,0.0,,,,0.0,0.0
20171004,MW1147-23,E1,7,Abamectin,0.0003,uM,DTXSID8023892,True,TP0001649H03,0.575191780717604,0.0,,0.0,,,3.0,0.0,0.0,,,0.0,,,,0.00108495742006476,1.72922246051421e-06
20171004,MW1147-23,E2,7,Abamectin,0.0,uM,DTXSID8023892,True,TP0001649H03,0.681118921274742,0.0,,0.0,,,1.0,0.0,0.0,,,0.0,,,,0.0,0.0
20171004,MW1147-23,E3,7,Abamectin,0.001,uM,DTXSID8023892,True,TP0001649H03,0.0,0.0,,0.0,,,0.0,0.0,0.0,,,0.0,,,,0.0,0.0
20171004,MW1147-23,E4,7,Abamectin,0.003,uM,DTXSID8023892,True,TP0001649H03,0.0,0.0,,0.0,,,0.0,0.0,0.0,,,0.0,,,,0.0,0.0
20171004,MW1147-23,E5,7,Abamectin,0.01,uM,DTXSID8023892,True,TP0001649H03,0.0,0.0,,0.0,,,0.0,0.0,0.0,,,0.0,,,,0.0,0.0
20171004,MW1147-23,E6,7,Abamectin,0.03,uM,DTXSID8023892,True,TP0001649H03,0.0,0.0,,0.0,,,0.0,0.0,0.0,,,0.0,,,,0.0,0.0
20171004,MW1147-23,E7,7,Abamectin,0.1,uM,DTXSID8023892,True,TP0001649H03,0.0,0.0,,0.0,,,0.0,0.0,0.0,,,0.0,,,,0.0,0.0
20171004,MW1147-23,E8,7,Abamectin,0.3,uM,DTXSID8023892,True,TP0001649H03,0.0,0.0,,0.0,,,0.0,0.0,0.0,,,0.0,,,,0.0,0.0
20171004,MW1147-23,F1,7,Octylbicycloheptenedicarboximide,0.03,uM,DTXSID6032562,True,TP0001649H11,2.17891387376797,0.12,,0.0,,,1.0,0.0,0.0,,,0.0,,,,0.0,0.0
20171004,MW1147-23,F2,7,Octylbicycloheptenedicarboximide,0.0,uM,DTXSID6032562,True,TP0001649H11,1.25056989542369,0.42,0.0737368888888881,6.687,0.302,35.159,4.0,1.0,0.0,,,0.0,,,,0.00035298944153609,2.32831027205394e-06
20171004,MW1147-23,F3,7,Octylbicycloheptenedicarboximide,0.1,uM,DTXSID6032562,True,TP0001649H11,0.843343003666442,0.48,0.0922738983050811,5.993,0.389,37.52,2.0,1.0,0.0,,,0.0,,,,-0.00176857687911017,5.88410208720441e-06
20171004,MW1147-23,F4,7,Octylbicycloheptenedicarboximide,0.3,uM,DTXSID6032562,True,TP0001649H11,0.505561352659066,0.46,0.0744882474226839,13.705,0.344,38.397,3.0,1.0,0.0,,,0.0,,,,-0.00141991079994253,4.58675737298464e-06
20171004,MW1147-23,F5,7,Octylbicycloheptenedicarboximide,1.0,uM,DTXSID6032562,True,TP0001649H11,0.300003440039446,0.0,,0.0,,,1.0,0.0,0.0,,,0.0,,,,0.0,0.0
20171004,MW1147-23,F6,7,Octylbicycloheptenedicarboximide,3.0,uM,DTXSID6032562,True,TP0001649H11,0.131112614535758,0.0,,0.0,,,2.0,0.0,0.0,,,0.0,,,,-0.00128982785507851,0.0
20171004,MW1147-23,F7,7,Octylbicycloheptenedicarboximide,10.0,uM,DTXSID6032562,True,TP0001649H11,0.0,0.0,,0.0,,,0.0,0.0,0.0,,,0.0,,,,0.0,0.0
20171004,MW1147-23,F8,7,Octylbicycloheptenedicarboximide,20.0,uM,DTXSID6032562,True,TP0001649H11,0.0,0.0,,0.0,,,0.0,0.0,0.0,,,0.0,,,,0.0,0.0
20171004,MW1147-24,A1,5,Clove leaf oil,0.03,uM,DTXSID8044175,True,TP0001649E02,0.0,0.0,,0.0,,,0.0,0.0,0.0,,,0.0,,,,0.0,0.0
20171004,MW1147-24,A2,5,Clove leaf oil,0.0,uM,DTXSID8044175,True,TP0001649E02,0.222382515539423,0.0,,0.0,,,2.0,0.0,0.0,,,0.0,,,,-0.00202779695823201,0.0
20171004,MW1147-24,A3,5,Clove leaf oil,0.1,uM,DTXSID8044175,True,TP0001649E02,0.475898583254365,0.0,,0.0,,,1.0,0.0,0.0,,,0.0,,,,0.0,0.0
20171004,MW1147-24,A4,5,Clove leaf oil,0.3,uM,DTXSID8044175,True,TP0001649E02,0.150108197989111,0.0,,0.0,,,1.0,0.0,0.0,,,0.0,,,,0.0,0.0
20171004,MW1147-24,A5,5,Clove leaf oil,1.0,uM,DTXSID8044175,True,TP0001649E02,0.0,0.0,,0.0,,,0.0,0.0,0.0,,,0.0,,,,0.0,0.0
20171004,MW1147-24,A6,5,Clove leaf oil,3.0,uM,DTXSID8044175,True,TP0001649E02,0.116750820658197,0.0,,0.0,,,1.0,0.0,0.0,,,0.0,,,,0.0,0.0
20171004,MW1147-24,A7,5,Clove leaf oil,10.0,uM,DTXSID8044175,True,TP0001649E02,0.0,0.0,,0.0,,,0.0,0.0,0.0,,,0.0,,,,0.0,0.0
20171004,MW1147-24,A8,5,Clove leaf oil,20.0,uM,DTXSID8044175,True,TP0001649E02,0.835046345850534,0.0,,0.0,,,1.0,0.0,0.0,,,0.0,,,,0.0,0.0
20171004,MW1147-24,B1,5,Diphenhydramine hydrochloride,0.03,uM,DTXSID4020537,True,TP0001649G01,0.204591914296269,0.0,,0.0,,,1.0,0.0,0.0,,,0.0,,,,0.0,0.0
20171004,MW1147-24,B2,5,Diphenhydramine hydrochloride,0.0,uM,DTXSID4020537,True,TP0001649G01,0.0,0.0,,0.0,,,0.0,0.0,0.0,,,0.0,,,,0.0,0.0
20171004,MW1147-24,B3,5,Diphenhydramine hydrochloride,0.1,uM,DTXSID4020537,True,TP0001649G01,0.207927652029361,0.0,,0.0,,,1.0,0.0,0.0,,,0.0,,,,0.0,0.0
20171004,MW1147-24,B4,5,Diphenhydramine hydrochloride,0.3,uM,DTXSID4020537,True,TP0001649G01,0.718295525192336,0.0,,0.0,,,2.0,0.0,0.0,,,0.0,,,,0.00212527970021666,6.72301329425473e-06
20171004,MW1147-24,B5,5,Diphenhydramine hydrochloride,1.0,uM,DTXSID4020537,True,TP0001649G01,0.0,0.0,,0.0,,,0.0,0.0,0.0,,,0.0,,,,0.0,0.0
20171004,MW1147-24,B6,5,Diphenhydramine hydrochloride,3.0,uM,DTXSID4020537,True,TP0001649G01,0.0,0.0,,0.0,,,0.0,0.0,0.0,,,0.0,,,,0.0,0.0
20171004,MW1147-24,B7,5,Diphenhydramine hydrochloride,10.0,uM,DTXSID4020537,True,TP0001649G01,0.79390558047574,0.0,,0.0,,,1.0,0.0,0.0,,,0.0,,,,0.0,0.0
20171004,MW1147-24,B8,5,Diphenhydramine hydrochloride,20.0,uM,DTXSID4020537,True,TP0001649G01,0.0,0.0,,0.0,,,0.0,0.0,0.0,,,0.0,,,,0.0,0.0
20171004,MW1147-24,C1,5,17beta-Estradiol,0.03,uM,DTXSID0020573,True,TP0001649G08,0.371378800950836,0.0,,0.0,,,1.0,0.0,0.0,,,0.0,,,,0.0,0.0
20171004,MW1147-24,C2,5,17beta-Estradiol,0.0,uM,DTXSID0020573,True,TP0001649G08,0.0,0.0,,0.0,,,0.0,0.0,0.0,,,0.0,,,,0.0,0.0
20171004,MW1147-24,C3,5,17beta-Estradiol,0.1,uM,DTXSID0020573,True,TP0001649G08,0.341357161353014,0.0,,0.0,,,1.0,0.0,0.0,,,0.0,,,,0.0,0.0
20171004,MW1147-24,C4,5,17beta-Estradiol,0.3,uM,DTXSID0020573,True,TP0001649G08,0.0,0.0,,0.0,,,0.0,0.0,0.0,,,0.0,,,,0.0,0.0
20171004,MW1147-24,C5,5,17beta-Estradiol,1.0,uM,DTXSID0020573,True,TP0001649G08,0.388798764668091,0.0,,0.0,,,3.0,0.0,0.0,,,0.0,,,,0.075628034725334,0.0
20171004,MW1147-24,C6,5,17beta-Estradiol,3.0,uM,DTXSID0020573,True,TP0001649G08,0.0,0.0,,0.0,,,0.0,0.0,0.0,,,0.0,,,,0.0,0.0
20171004,MW1147-24,C7,5,17beta-Estradiol,10.0,uM,DTXSID0020573,True,TP0001649G08,0.0,0.0,,0.0,,,0.0,0.0,0.0,,,0.0,,,,0.0,0.0
20171004,MW1147-24,C8,5,17beta-Estradiol,20.0,uM,DTXSID0020573,True,TP0001649G08,0.0,0.0,,0.0,,,0.0,0.0,0.0,,,0.0,,,,0.0,0.0
20171004,MW1147-24,D1,5,Bisphenol B,0.03,uM,DTXSID4022442,True,TP0001649H02,0.0,0.0,,0.0,,,0.0,0.0,0.0,,,0.0,,,,0.0,0.0
20171004,MW1147-24,D2,5,Bisphenol B,0.0,uM,DTXSID4022442,True,TP0001649H02,0.0,0.0,,0.0,,,0.0,0.0,0.0,,,0.0,,,,0.0,0.0
20171004,MW1147-24,D3,5,Bisphenol B,0.1,uM,DTXSID4022442,True,TP0001649H02,0.0,0.0,,0.0,,,0.0,0.0,0.0,,,0.0,,,,0.0,0.0
20171004,MW1147-24,D4,5,Bisphenol B,0.3,uM,DTXSID4022442,True,TP0001649H02,0.0,0.0,,0.0,,,0.0,0.0,0.0,,,0.0,,,,0.0,0.0
20171004,MW1147-24,D5,5,Bisphenol B,1.0,uM,DTXSID4022442,True,TP0001649H02,0.0,0.0,,0.0,,,0.0,0.0,0.0,,,0.0,,,,0.0,0.0
20171004,MW1147-24,D6,5,Bisphenol B,3.0,uM,DTXSID4022442,True,TP0001649H02,0.0,0.0,,0.0,,,0.0,0.0,0.0,,,0.0,,,,0.0,0.0
20171004,MW1147-24,D7,5,Bisphenol B,10.0,uM,DTXSID4022442,True,TP0001649H02,0.0,0.0,,0.0,,,0.0,0.0,0.0,,,0.0,,,,0.0,0.0
20171004,MW1147-24,D8,5,Bisphenol B,20.0,uM,DTXSID4022442,True,TP0001649H02,0.0,0.0,,0.0,,,0.0,0.0,0.0,,,0.0,,,,0.0,0.0
20171004,MW1147-24,E1,5,Abamectin,0.0003,uM,DTXSID8023892,True,TP0001649H03,0.0,0.0,,0.0,,,0.0,0.0,0.0,,,0.0,,,,0.0,0.0
20171004,MW1147-24,E2,5,Abamectin,0.0,uM,DTXSID8023892,True,TP0001649H03,0.183465575320024,0.0,,0.0,,,1.0,0.0,0.0,,,0.0,,,,0.0,0.0
20171004,MW1147-24,E3,5,Abamectin,0.001,uM,DTXSID8023892,True,TP0001649H03,0.0,0.0,,0.0,,,0.0,0.0,0.0,,,0.0,,,,0.0,0.0
20171004,MW1147-24,E4,5,Abamectin,0.003,uM,DTXSID8023892,True,TP0001649H03,0.0,0.0,,0.0,,,0.0,0.0,0.0,,,0.0,,,,0.0,0.0
20171004,MW1147-24,E5,5,Abamectin,0.01,uM,DTXSID8023892,True,TP0001649H03,0.0,0.0,,0.0,,,0.0,0.0,0.0,,,0.0,,,,0.0,0.0
20171004,MW1147-24,E6,5,Abamectin,0.03,uM,DTXSID8023892,True,TP0001649H03,0.0,0.0,,0.0,,,0.0,0.0,0.0,,,0.0,,,,0.0,0.0
20171004,MW1147-24,E7,5,Abamectin,0.1,uM,DTXSID8023892,True,TP0001649H03,0.0,0.0,,0.0,,,0.0,0.0,0.0,,,0.0,,,,0.0,0.0
20171004,MW1147-24,E8,5,Abamectin,0.3,uM,DTXSID8023892,True,TP0001649H03,0.0,0.0,,0.0,,,0.0,0.0,0.0,,,0.0,,,,0.0,0.0
20171004,MW1147-24,F1,5,Octylbicycloheptenedicarboximide,0.03,uM,DTXSID6032562,True,TP0001649H11,0.0,0.0,,0.0,,,0.0,0.0,0.0,,,0.0,,,,0.0,0.0
20171004,MW1147-24,F2,5,Octylbicycloheptenedicarboximide,0.0,uM,DTXSID6032562,True,TP0001649H11,0.0,0.0,,0.0,,,0.0,0.0,0.0,,,0.0,,,,0.0,0.0
20171004,MW1147-24,F3,5,Octylbicycloheptenedicarboximide,0.1,uM,DTXSID6032562,True,TP0001649H11,0.153443935722202,0.0,,0.0,,,1.0,0.0,0.0,,,0.0,,,,0.0,0.0
20171004,MW1147-24,F4,5,Octylbicycloheptenedicarboximide,0.3,uM,DTXSID6032562,True,TP0001649H11,0.0989602194150433,0.0,,0.0,,,1.0,0.0,0.0,,,0.0,,,,0.0,0.0
20171004,MW1147-24,F5,5,Octylbicycloheptenedicarboximide,1.0,uM,DTXSID6032562,True,TP0001649H11,0.0,0.0,,0.0,,,0.0,0.0,0.0,,,0.0,,,,0.0,0.0
20171004,MW1147-24,F6,5,Octylbicycloheptenedicarboximide,3.0,uM,DTXSID6032562,True,TP0001649H11,0.425862517257995,0.0,,0.0,,,1.0,0.0,0.0,,,0.0,,,,0.0,0.0
20171004,MW1147-24,F7,5,Octylbicycloheptenedicarboximide,10.0,uM,DTXSID6032562,True,TP0001649H11,0.0,0.0,,0.0,,,0.0,0.0,0.0,,,0.0,,,,0.0,0.0
20171004,MW1147-24,F8,5,Octylbicycloheptenedicarboximide,20.0,uM,DTXSID6032562,True,TP0001649H11,0.0,0.0,,0.0,,,0.0,0.0,0.0,,,0.0,,,,0.0,0.0
20171004,MW1147-24,A1,7,Clove leaf oil,0.03,uM,DTXSID8044175,True,TP0001649E02,0.160280584468901,0.285,0.0221378947368401,31.208,0.099,49.837,4.0,1.0,0.0,,,0.0,,,,0.0238762363367042,0.0
20171004,MW1147-24,A2,7,Clove leaf oil,0.0,uM,DTXSID8044175,True,TP0001649E02,0.406038856223273,0.445714285714286,0.0851970642201812,30.958,0.395,17.479,7.0,1.0,0.0,,,0.0,,,,0.000681746548260636,4.58451631814757e-06
20171004,MW1147-24,A3,7,Clove leaf oil,0.1,uM,DTXSID8044175,True,TP0001649E02,0.472230491502829,0.756,0.132780938628159,32.483,0.681,15.936,5.0,1.0,0.0,,,0.0,,,,0.00244855162798931,4.27114544926388e-07
20171004,MW1147-24,A4,7,Clove leaf oil,0.3,uM,DTXSID8044175,True,TP0001649E02,0.305560906266536,0.0525,,0.0,,,8.0,0.0,0.0,,,0.0,,,,0.00897544812177686,3.82265387524269e-06
20171004,MW1147-24,A5,7,Clove leaf oil,1.0,uM,DTXSID8044175,True,TP0001649E02,0.976405986842614,0.45,0.128046618705036,6.042,0.685,31.258,4.0,1.0,0.0,,,0.0,,,,0.00408363554728298,1.00503465251395e-05
20171004,MW1147-24,A6,7,Clove leaf oil,3.0,uM,DTXSID8044175,True,TP0001649E02,1.34631987185316,2.11,0.127364572148177,26.5245,1.091,11.7495,6.0,2.0,2.0,9.5,0.0618799603174601,0.337063502763921,397.6,0.00227985817346851,12.5,0.00535380919063106,4.07357887849402e-06
20171004,MW1147-24,A7,7,Clove leaf oil,10.0,uM,DTXSID8044175,True,TP0001649E02,0.252597015847003,0.0,,0.0,,,3.0,0.0,0.0,,,0.0,,,,0.0026293305900168,0.0
20171004,MW1147-24,A8,7,Clove leaf oil,20.0,uM,DTXSID8044175,True,TP0001649E02,0.532972295900056,0.33,0.0865662456140353,49.8735,0.449,68.623,6.0,2.0,4.0,10.75,0.0786061507936509,2.12279555845852,200.666666666667,0.0132433342058612,16.25,0.0336831136379943,3.36651373694559e-05
20171004,MW1147-24,B1,7,Diphenhydramine hydrochloride,0.03,uM,DTXSID4020537,True,TP0001649G01,1.86654062170816,3.07714285714286,0.132731758898503,18.3028,0.7998,22.3802,7.0,5.0,0.0,,,0.0,,,,0.000151484424911873,9.2474230804912e-06
20171004,MW1147-24,B2,7,Diphenhydramine hydrochloride,0.0,uM,DTXSID4020537,True,TP0001649G01,1.18545285736213,1.5,0.0874404834081019,30.06975,0.53375,19.089,9.0,4.0,0.0,,,0.0,,,,0.00116470900441623,1.82212790030463e-06
20171004,MW1147-24,B3,7,Diphenhydramine hydrochloride,0.1,uM,DTXSID4020537,True,TP0001649G01,1.0622408232393,2.208,0.0800716381198577,32.68675,0.48525,12.661,10.0,4.0,5.0,6.4,0.149416666666667,0.589695841092489,180.1625,0.0405020575609027,11.4,0.00746272171352351,1.58194766951558e-05
20171004,MW1147-24,B4,7,Diphenhydramine hydrochloride,0.3,uM,DTXSID4020537,True,TP0001649G01,1.2192806102175,2.68,0.113567931268713,29.4446666666667,0.553666666666667,13.676,6.0,3.0,0.0,,,0.0,,,,0.0181476816437663,0.000132917200401893
20171004,MW1147-24,B5,7,Diphenhydramine hydrochloride,1.0,uM,DTXSID4020537,True,TP0001649G01,0.446357022556624,1.06285714285714,0.052868259256584,54.43525,0.287,35.455,7.0,4.0,1.0,7.0,0.10625,0.269269606193201,,,8.0,0.0296773091072282,1.36181606803787e-07
20171004,MW1147-24,B6,7,Diphenhydramine hydrochloride,3.0,uM,DTXSID4020537,True,TP0001649G01,0.26185643724902,0.08,,0.0,,,6.0,0.0,0.0,,,0.0,,,,0.00274084462596971,2.27009916868581e-06
20171004,MW1147-24,B7,7,Diphenhydramine hydrochloride,10.0,uM,DTXSID4020537,True,TP0001649G01,0.180558717339317,0.0,,0.0,,,2.0,0.0,0.0,,,0.0,,,,-0.00172443007640648,0.0
20171004,MW1147-24,B8,7,Diphenhydramine hydrochloride,20.0,uM,DTXSID4020537,True,TP0001649G01,0.0,0.0,,0.0,,,0.0,0.0,0.0,,,0.0,,,,0.0,0.0
20171004,MW1147-24,C1,7,17beta-Estradiol,0.03,uM,DTXSID0020573,True,TP0001649G08,0.355376593409384,0.32,0.0872868626772727,24.26,0.4715,66.1735,6.0,2.0,0.0,,,0.0,,,,0.00612190308475764,2.72252012455121e-07
20171004,MW1147-24,C2,7,17beta-Estradiol,0.0,uM,DTXSID0020573,True,TP0001649G08,0.362784130530997,0.2625,0.0387707983234478,28.8353333333333,0.216333333333333,76.0093333333333,8.0,3.0,3.0,7.0,0.160912698412699,0.938086303939963,101.0,0.010452037453227,8.33333333333333,0.0237935412314397,4.13957525104147e-06
20171004,MW1147-24,C3,7,17beta-Estradiol,0.1,uM,DTXSID0020573,True,TP0001649G08,1.59836132241605,4.29,0.0748700615434894,23.2555,0.359,34.042,2.0,2.0,0.0,,,0.0,,,,0.0122641297069914,1.18648254401887e-07
20171004,MW1147-24,C4,7,17beta-Estradiol,0.3,uM,DTXSID0020573,True,TP0001649G08,1.20520628968644,1.83,0.062070246541369,21.7786666666667,0.421,22.303,6.0,3.0,5.0,6.4,0.184333333333333,1.04529616724739,145.4125,0.0151313691823751,13.8,0.0179813799401316,3.41458588553519e-05
20171004,MW1147-24,C5,7,17beta-Estradiol,1.0,uM,DTXSID0020573,True,TP0001649G08,0.808532676824059,1.43,0.0699304478484368,24.4813333333333,0.553,27.5623333333333,6.0,3.0,0.0,,,0.0,,,,0.0295301615769768,0.00187466992289159
20171004,MW1147-24,C6,7,17beta-Estradiol,3.0,uM,DTXSID0020573,True,TP0001649G08,0.245559855581471,0.102857142857143,,0.0,,,7.0,0.0,0.0,,,0.0,,,,0.00214426281892702,8.1157779702884e-07
20171004,MW1147-24,C7,7,17beta-Estradiol,10.0,uM,DTXSID0020573,True,TP0001649G08,1.03224029789677,2.016,0.0875178040489087,26.274,0.568,32.9896666666667,5.0,3.0,0.0,,,0.0,,,,0.000643347884034937,1.3441729722341e-07
20171004,MW1147-24,C8,7,17beta-Estradiol,20.0,uM,DTXSID0020573,True,TP0001649G08,0.0,0.0,,0.0,,,0.0,0.0,0.0,,,0.0,,,,0.0,0.0
20171004,MW1147-24,D1,7,Bisphenol B,0.03,uM,DTXSID4022442,True,TP0001649H02,1.34684898164756,4.45714285714286,0.0636007222078924,88.193,0.533,1.407,7.0,1.0,0.0,,,0.0,,,,0.000738516043098867,8.5715807904424e-06
20171004,MW1147-24,D2,7,Bisphenol B,0.0,uM,DTXSID4022442,True,TP0001649H02,0.906821435006462,2.4075,0.0733359805196123,64.6293333333333,0.781333333333333,15.708,8.0,3.0,0.0,,,0.0,,,,0.000545397880317246,8.34506088517179e-06
20171004,MW1147-24,D3,7,Bisphenol B,0.1,uM,DTXSID4022442,True,TP0001649H02,0.345783832836895,0.12,0.0461919999999976,12.736,0.231,78.769,5.0,1.0,0.0,,,0.0,,,,0.0015190823158406,2.06209895876192e-06
20171004,MW1147-24,D4,7,Bisphenol B,0.3,uM,DTXSID4022442,True,TP0001649H02,0.450702336743141,0.555,0.0977166275659823,18.883,0.482,29.058,8.0,2.0,0.0,,,0.0,,,,0.00836685568843141,7.6789170232322e-06
20171004,MW1147-24,D5,7,Bisphenol B,1.0,uM,DTXSID4022442,True,TP0001649H02,0.608343986112468,1.55,0.0580276694693946,45.74,0.3185,13.08,6.0,2.0,1.0,5.0,0.116666666666666,0.318194966734163,,,11.0,0.00856470299930997,8.00835868249953e-06
20171004,MW1147-24,D6,7,Bisphenol B,3.0,uM,DTXSID4022442,True,TP0001649H02,0.411118310249522,0.0,,0.0,,,1.0,0.0,0.0,,,0.0,,,,0.0,0.0
20171004,MW1147-24,D7,7,Bisphenol B,10.0,uM,DTXSID4022442,True,TP0001649H02,0.316116646664835,0.0,,0.0,,,2.0,0.0,0.0,,,0.0,,,,-0.00314417203462331,0.0
20171004,MW1147-24,D8,7,Bisphenol B,20.0,uM,DTXSID4022442,True,TP0001649H02,0.372228740361053,0.0,,0.0,,,1.0,0.0,0.0,,,0.0,,,,0.0,0.0
20171004,MW1147-24,E1,7,Abamectin,0.0003,uM,DTXSID8023892,True,TP0001649H03,0.206299908836922,0.04,,0.0,,,3.0,0.0,0.0,,,0.0,,,,0.00687817686853101,0.0
20171004,MW1147-24,E2,7,Abamectin,0.0,uM,DTXSID8023892,True,TP0001649H03,0.640566772591484,0.57,0.0425259999999987,49.231,0.213,55.979,2.0,1.0,0.0,,,0.0,,,,0.00685183426234269,0.0
20171004,MW1147-24,E3,7,Abamectin,0.001,uM,DTXSID8023892,True,TP0001649H03,1.55965694095562,2.04,0.13335271641791,20.551,0.982,8.905,3.0,1.0,0.0,,,0.0,,,,0.00600426725375625,2.55282065926565e-06
20171004,MW1147-24,E4,7,Abamectin,0.003,uM,DTXSID8023892,True,TP0001649H03,0.0,0.0,,0.0,,,0.0,0.0,0.0,,,0.0,,,,0.0,0.0
20171004,MW1147-24,E5,7,Abamectin,0.01,uM,DTXSID8023892,True,TP0001649H03,0.0,0.0,,0.0,,,0.0,0.0,0.0,,,0.0,,,,0.0,0.0
20171004,MW1147-24,E6,7,Abamectin,0.03,uM,DTXSID8023892,True,TP0001649H03,0.0,0.0,,0.0,,,0.0,0.0,0.0,,,0.0,,,,0.0,0.0
20171004,MW1147-24,E7,7,Abamectin,0.1,uM,DTXSID8023892,True,TP0001649H03,0.0,0.0,,0.0,,,0.0,0.0,0.0,,,0.0,,,,0.0,0.0
20171004,MW1147-24,E8,7,Abamectin,0.3,uM,DTXSID8023892,True,TP0001649H03,0.0,0.0,,0.0,,,0.0,0.0,0.0,,,0.0,,,,0.0,0.0
20171004,MW1147-24,F1,7,Octylbicycloheptenedicarboximide,0.03,uM,DTXSID6032562,True,TP0001649H11,1.41824705730403,1.44,0.0886000303910949,13.1145,0.572,17.6755,5.0,2.0,0.0,,,0.0,,,,0.00502208852189839,7.69481736412336e-07
20171004,MW1147-24,F2,7,Octylbicycloheptenedicarboximide,0.0,uM,DTXSID6032562,True,TP0001649H11,0.270004728082794,0.24,0.0297835294117602,24.852,0.127,92.036,3.0,1.0,0.0,,,0.0,,,,0.016029362614279,0.0
20171004,MW1147-24,F3,7,Octylbicycloheptenedicarboximide,0.1,uM,DTXSID6032562,True,TP0001649H11,0.477230579059918,0.2625,0.122295292517005,10.335,0.6155,70.7995,8.0,2.0,0.0,,,0.0,,,,0.000796594400315888,6.03716193189885e-07
20171004,MW1147-24,F4,7,Octylbicycloheptenedicarboximide,0.3,uM,DTXSID6032562,True,TP0001649H11,1.83586548137776,3.3,0.132350704012112,53.134,1.766,2.788,4.0,1.0,0.0,,,0.0,,,,0.000283273052315333,3.77681873482231e-06
20171004,MW1147-24,F5,7,Octylbicycloheptenedicarboximide,1.0,uM,DTXSID6032562,True,TP0001649H11,0.151113757280905,0.04,,0.0,,,3.0,0.0,0.0,,,0.0,,,,0.00150872741326764,0.0
20171004,MW1147-24,F6,7,Octylbicycloheptenedicarboximide,3.0,uM,DTXSID6032562,True,TP0001649H11,1.25891093381813,0.792,0.114634204081633,9.8225,0.615,55.6735,5.0,2.0,0.0,,,0.0,,,,0.000298598967993811,1.19396434963096e-05
20171004,MW1147-24,F7,7,Octylbicycloheptenedicarboximide,10.0,uM,DTXSID6032562,True,TP0001649H11,0.33611699689319,0.0,,0.0,,,2.0,0.0,0.0,,,0.0,,,,-4.56214899588756e-05,0.0
20171004,MW1147-24,F8,7,Octylbicycloheptenedicarboximide,20.0,uM,DTXSID6032562,True,TP0001649H11,0.0,0.0,,0.0,,,0.0,0.0,0.0,,,0.0,,,,0.0,0.0
20171004,MW1147-25,A1,5,Clove leaf oil,0.03,uM,DTXSID8044175,True,TP0001649E02,0.0,0.0,,0.0,,,0.0,0.0,0.0,,,0.0,,,,0.0,0.0
20171004,MW1147-25,A2,5,Clove leaf oil,0.0,uM,DTXSID8044175,True,TP0001649E02,0.0,0.0,,0.0,,,0.0,0.0,0.0,,,0.0,,,,0.0,0.0
20171004,MW1147-25,A3,5,Clove leaf oil,0.1,uM,DTXSID8044175,True,TP0001649E02,0.0,0.0,,0.0,,,0.0,0.0,0.0,,,0.0,,,,0.0,0.0
20171004,MW1147-25,A4,5,Clove leaf oil,0.3,uM,DTXSID8044175,True,TP0001649E02,0.0,0.0,,0.0,,,0.0,0.0,0.0,,,0.0,,,,0.0,0.0
20171004,MW1147-25,A5,5,Clove leaf oil,1.0,uM,DTXSID8044175,True,TP0001649E02,0.0,0.0,,0.0,,,0.0,0.0,0.0,,,0.0,,,,0.0,0.0
20171004,MW1147-25,A6,5,Clove leaf oil,3.0,uM,DTXSID8044175,True,TP0001649E02,0.0,0.0,,0.0,,,0.0,0.0,0.0,,,0.0,,,,0.0,0.0
20171004,MW1147-25,A7,5,Clove leaf oil,10.0,uM,DTXSID8044175,True,TP0001649E02,0.0,0.0,,0.0,,,0.0,0.0,0.0,,,0.0,,,,0.0,0.0
20171004,MW1147-25,A8,5,Clove leaf oil,20.0,uM,DTXSID8044175,True,TP0001649E02,0.0,0.0,,0.0,,,0.0,0.0,0.0,,,0.0,,,,0.0,0.0
20171004,MW1147-25,B1,5,Diphenhydramine hydrochloride,0.03,uM,DTXSID4020537,True,TP0001649G01,0.144544070642112,0.0,,0.0,,,1.0,0.0,0.0,,,0.0,,,,0.0,0.0
20171004,MW1147-25,B2,5,Diphenhydramine hydrochloride,0.0,uM,DTXSID4020537,True,TP0001649G01,0.0,0.0,,0.0,,,0.0,0.0,0.0,,,0.0,,,,0.0,0.0
20171004,MW1147-25,B3,5,Diphenhydramine hydrochloride,0.1,uM,DTXSID4020537,True,TP0001649G01,0.0,0.0,,0.0,,,0.0,0.0,0.0,,,0.0,,,,0.0,0.0
20171004,MW1147-25,B4,5,Diphenhydramine hydrochloride,0.3,uM,DTXSID4020537,True,TP0001649G01,0.0,0.0,,0.0,,,0.0,0.0,0.0,,,0.0,,,,0.0,0.0
20171004,MW1147-25,B5,5,Diphenhydramine hydrochloride,1.0,uM,DTXSID4020537,True,TP0001649G01,0.0,0.0,,0.0,,,0.0,0.0,0.0,,,0.0,,,,0.0,0.0
20171004,MW1147-25,B6,5,Diphenhydramine hydrochloride,3.0,uM,DTXSID4020537,True,TP0001649G01,0.330227607543902,0.0,,0.0,,,1.0,0.0,0.0,,,0.0,,,,0.0,0.0
20171004,MW1147-25,B7,5,Diphenhydramine hydrochloride,10.0,uM,DTXSID4020537,True,TP0001649G01,0.370255196337102,0.0,,0.0,,,1.0,0.0,0.0,,,0.0,,,,0.0,0.0
20171004,MW1147-25,B8,5,Diphenhydramine hydrochloride,20.0,uM,DTXSID4020537,True,TP0001649G01,0.0,0.0,,0.0,,,0.0,0.0,0.0,,,0.0,,,,0.0,0.0
20171004,MW1147-25,C1,5,17beta-Estradiol,0.03,uM,DTXSID0020573,True,TP0001649G08,0.210144841164301,0.0,,0.0,,,1.0,0.0,0.0,,,0.0,,,,0.0,0.0
20171004,MW1147-25,C2,5,17beta-Estradiol,0.0,uM,DTXSID0020573,True,TP0001649G08,0.0,0.0,,0.0,,,0.0,0.0,0.0,,,0.0,,,,0.0,0.0
20171004,MW1147-25,C3,5,17beta-Estradiol,0.1,uM,DTXSID0020573,True,TP0001649G08,0.0,0.0,,0.0,,,0.0,0.0,0.0,,,0.0,,,,0.0,0.0
20171004,MW1147-25,C4,5,17beta-Estradiol,0.3,uM,DTXSID0020573,True,TP0001649G08,0.330227607543902,0.0,,0.0,,,1.0,0.0,0.0,,,0.0,,,,0.0,0.0
20171004,MW1147-25,C5,5,17beta-Estradiol,1.0,uM,DTXSID0020573,True,TP0001649G08,0.405279336531152,0.0,,0.0,,,2.0,0.0,0.0,,,0.0,,,,0.00425360088999734,1.26508612981191e-06
20171004,MW1147-25,C6,5,17beta-Estradiol,3.0,uM,DTXSID0020573,True,TP0001649G08,0.0,0.0,,0.0,,,0.0,0.0,0.0,,,0.0,,,,0.0,0.0
20171004,MW1147-25,C7,5,17beta-Estradiol,10.0,uM,DTXSID0020573,True,TP0001649G08,0.0,0.0,,0.0,,,0.0,0.0,0.0,,,0.0,,,,0.0,0.0
20171004,MW1147-25,C8,5,17beta-Estradiol,20.0,uM,DTXSID0020573,True,TP0001649G08,0.0,0.0,,0.0,,,0.0,0.0,0.0,,,0.0,,,,0.0,0.0
20171004,MW1147-25,D1,5,Bisphenol B,0.03,uM,DTXSID4022442,True,TP0001649H02,0.0,0.0,,0.0,,,0.0,0.0,0.0,,,0.0,,,,0.0,0.0
20171004,MW1147-25,D2,5,Bisphenol B,0.0,uM,DTXSID4022442,True,TP0001649H02,0.0,0.0,,0.0,,,0.0,0.0,0.0,,,0.0,,,,0.0,0.0
20171004,MW1147-25,D3,5,Bisphenol B,0.1,uM,DTXSID4022442,True,TP0001649H02,0.0,0.0,,0.0,,,0.0,0.0,0.0,,,0.0,,,,0.0,0.0
20171004,MW1147-25,D4,5,Bisphenol B,0.3,uM,DTXSID4022442,True,TP0001649H02,0.0,0.0,,0.0,,,0.0,0.0,0.0,,,0.0,,,,0.0,0.0
20171004,MW1147-25,D5,5,Bisphenol B,1.0,uM,DTXSID4022442,True,TP0001649H02,0.0,0.0,,0.0,,,0.0,0.0,0.0,,,0.0,,,,0.0,0.0
20171004,MW1147-25,D6,5,Bisphenol B,3.0,uM,DTXSID4022442,True,TP0001649H02,0.41139466259678,0.0,,0.0,,,1.0,0.0,0.0,,,0.0,,,,0.0,0.0
20171004,MW1147-25,D7,5,Bisphenol B,10.0,uM,DTXSID4022442,True,TP0001649H02,0.0,0.0,,0.0,,,0.0,0.0,0.0,,,0.0,,,,0.0,0.0
20171004,MW1147-25,D8,5,Bisphenol B,20.0,uM,DTXSID4022442,True,TP0001649H02,0.0,0.0,,0.0,,,0.0,0.0,0.0,,,0.0,,,,0.0,0.0
20171004,MW1147-25,E1,5,Abamectin,0.0003,uM,DTXSID8023892,True,TP0001649H03,0.0,0.0,,0.0,,,0.0,0.0,0.0,,,0.0,,,,0.0,0.0
20171004,MW1147-25,E2,5,Abamectin,0.0,uM,DTXSID8023892,True,TP0001649H03,0.0,0.0,,0.0,,,0.0,0.0,0.0,,,0.0,,,,0.0,0.0
20171004,MW1147-25,E3,5,Abamectin,0.001,uM,DTXSID8023892,True,TP0001649H03,0.0,0.0,,0.0,,,0.0,0.0,0.0,,,0.0,,,,0.0,0.0
20171004,MW1147-25,E4,5,Abamectin,0.003,uM,DTXSID8023892,True,TP0001649H03,0.0,0.0,,0.0,,,0.0,0.0,0.0,,,0.0,,,,0.0,0.0
20171004,MW1147-25,E5,5,Abamectin,0.01,uM,DTXSID8023892,True,TP0001649H03,0.0,0.0,,0.0,,,0.0,0.0,0.0,,,0.0,,,,0.0,0.0
20171004,MW1147-25,E6,5,Abamectin,0.03,uM,DTXSID8023892,True,TP0001649H03,0.0,0.0,,0.0,,,0.0,0.0,0.0,,,0.0,,,,0.0,0.0
20171004,MW1147-25,E7,5,Abamectin,0.1,uM,DTXSID8023892,True,TP0001649H03,0.0,0.0,,0.0,,,0.0,0.0,0.0,,,0.0,,,,0.0,0.0
20171004,MW1147-25,E8,5,Abamectin,0.3,uM,DTXSID8023892,True,TP0001649H03,0.0,0.0,,0.0,,,0.0,0.0,0.0,,,0.0,,,,0.0,0.0
20171004,MW1147-25,F1,5,Octylbicycloheptenedicarboximide,0.03,uM,DTXSID6032562,True,TP0001649H11,0.0,0.0,,0.0,,,0.0,0.0,0.0,,,0.0,,,,0.0,0.0
20171004,MW1147-25,F2,5,Octylbicycloheptenedicarboximide,0.0,uM,DTXSID6032562,True,TP0001649H11,0.102292726915956,0.0,,0.0,,,1.0,0.0,0.0,,,0.0,,,,0.0,0.0
20171004,MW1147-25,F3,5,Octylbicycloheptenedicarboximide,0.1,uM,DTXSID6032562,True,TP0001649H11,0.0,0.0,,0.0,,,0.0,0.0,0.0,,,0.0,,,,0.0,0.0
20171004,MW1147-25,F4,5,Octylbicycloheptenedicarboximide,0.3,uM,DTXSID6032562,True,TP0001649H11,0.0,0.0,,0.0,,,0.0,0.0,0.0,,,0.0,,,,0.0,0.0
20171004,MW1147-25,F5,5,Octylbicycloheptenedicarboximide,1.0,uM,DTXSID6032562,True,TP0001649H11,0.0,0.0,,0.0,,,0.0,0.0,0.0,,,0.0,,,,0.0,0.0
20171004,MW1147-25,F6,5,Octylbicycloheptenedicarboximide,3.0,uM,DTXSID6032562,True,TP0001649H11,0.0,0.0,,0.0,,,0.0,0.0,0.0,,,0.0,,,,0.0,0.0
20171004,MW1147-25,F7,5,Octylbicycloheptenedicarboximide,10.0,uM,DTXSID6032562,True,TP0001649H11,0.0,0.0,,0.0,,,0.0,0.0,0.0,,,0.0,,,,0.0,0.0
20171004,MW1147-25,F8,5,Octylbicycloheptenedicarboximide,20.0,uM,DTXSID6032562,True,TP0001649H11,0.0,0.0,,0.0,,,0.0,0.0,0.0,,,0.0,,,,0.0,0.0
20171004,MW1147-25,A1,7,Clove leaf oil,0.03,uM,DTXSID8044175,True,TP0001649E02,0.456227413076344,0.036,,0.0,,,5.0,0.0,0.0,,,0.0,,,,0.000266149703783325,1.33254026413177e-06
20171004,MW1147-25,A2,7,Clove leaf oil,0.0,uM,DTXSID8044175,True,TP0001649E02,0.396671179903202,0.024,,0.0,,,5.0,0.0,0.0,,,0.0,,,,0.00389785750284306,7.10922826072449e-06
20171004,MW1147-25,A3,7,Clove leaf oil,0.1,uM,DTXSID8044175,True,TP0001649E02,0.588451139710745,1.536,0.0225032675044886,72.06,0.113,8.015,5.0,1.0,0.0,,,0.0,,,,0.0045622138617332,1.33571497430707e-06
20171004,MW1147-25,A4,7,Clove leaf oil,0.3,uM,DTXSID8044175,True,TP0001649E02,0.360004096046604,0.096,,0.0,,,5.0,0.0,0.0,,,0.0,,,,0.00116274529063752,0.0
20171004,MW1147-25,A5,7,Clove leaf oil,1.0,uM,DTXSID8044175,True,TP0001649E02,0.439634631694773,0.23,0.0581386046511607,54.124,0.263,44.839,6.0,1.0,0.0,,,0.0,,,,0.00824403741477528,6.59825249993418e-11
20171004,MW1147-25,A6,7,Clove leaf oil,3.0,uM,DTXSID8044175,True,TP0001649E02,0.775786604505367,2.004,0.120890302289519,52.627,0.7765,12.595,5.0,2.0,0.0,,,0.0,,,,0.017073167836012,4.33242574281109e-05
20171004,MW1147-25,A7,7,Clove leaf oil,10.0,uM,DTXSID8044175,True,TP0001649E02,0.190002161802374,0.12,,0.0,,,2.0,0.0,2.0,9.5,0.0697023809523809,3.7156704361874,368.1,0.00159940819554134,11.5,0.0985965383455429,0.0
20171004,MW1147-25,A8,7,Clove leaf oil,20.0,uM,DTXSID8044175,True,TP0001649E02,3.03759011658088,0.84,0.0369605903016754,37.4376666666667,0.240666666666667,57.2553333333333,5.0,3.0,13.0,7.38461538461539,0.111316391941392,1.40804180577733,67.3958333333333,0.0247455939972646,14.9230769230769,0.0713823197216915,4.41315301180634e-06
20171004,MW1147-25,B1,7,Diphenhydramine hydrochloride,0.03,uM,DTXSID4020537,True,TP0001649G01,0.494866741594927,0.045,,0.0,,,8.0,0.0,0.0,,,0.0,,,,0.00678532327483151,4.27568426851488e-07
20171004,MW1147-25,B2,7,Diphenhydramine hydrochloride,0.0,uM,DTXSID4020537,True,TP0001649G01,1.08066044366253,0.815,0.140496422483546,17.8645,0.85,11.224,12.0,2.0,0.0,,,0.0,,,,0.00171900013695495,1.51308254362431e-05
20171004,MW1147-25,B3,7,Diphenhydramine hydrochloride,0.1,uM,DTXSID4020537,True,TP0001649G01,0.427227083117035,0.03,,0.0,,,6.0,0.0,0.0,,,0.0,,,,0.00296554998925611,6.15984330463309e-06
20171004,MW1147-25,B4,7,Diphenhydramine hydrochloride,0.3,uM,DTXSID4020537,True,TP0001649G01,0.195928155152936,0.12,0.0437504761904741,38.931,0.204,82.198,6.0,1.0,0.0,,,0.0,,,,0.0179186092599755,0.0
20171004,MW1147-25,B5,7,Diphenhydramine hydrochloride,1.0,uM,DTXSID4020537,True,TP0001649G01,1.14067964506618,2.472,0.0848625995934959,29.5945,0.583,42.4805,5.0,2.0,0.0,,,0.0,,,,0.00634953048117507,1.15128860503355e-05
20171004,MW1147-25,B6,7,Diphenhydramine hydrochloride,3.0,uM,DTXSID4020537,True,TP0001649G01,0.277503157369257,0.15,0.0192975609756105,15.528,0.088,86.777,4.0,1.0,0.0,,,0.0,,,,0.00258892954760778,1.27906071175493e-06
20171004,MW1147-25,B7,7,Diphenhydramine hydrochloride,10.0,uM,DTXSID4020537,True,TP0001649G01,0.34185574141051,0.0,,0.0,,,3.0,0.0,0.0,,,0.0,,,,0.00287038001553071,0.0
20171004,MW1147-25,B8,7,Diphenhydramine hydrochloride,20.0,uM,DTXSID4020537,True,TP0001649G01,0.0,0.0,,0.0,,,0.0,0.0,0.0,,,0.0,,,,0.0,0.0
20171004,MW1147-25,C1,7,17beta-Estradiol,0.03,uM,DTXSID0020573,True,TP0001649G08,0.606488381971516,0.38,0.0779042821158691,26.939,0.533,15.034,12.0,1.0,0.0,,,0.0,,,,0.00163392474376992,9.43300263957688e-06
20171004,MW1147-25,C2,7,17beta-Estradiol,0.0,uM,DTXSID0020573,True,TP0001649G08,0.519298837759706,0.430909090909091,0.0519247255794475,45.6185,0.301,45.369,11.0,2.0,0.0,,,0.0,,,,0.00537189784151703,9.24867353917919e-06
20171004,MW1147-25,C3,7,17beta-Estradiol,0.1,uM,DTXSID0020573,True,TP0001649G08,0.399171208347971,0.405,0.0696972151898735,20.612,0.459,37.767,4.0,1.0,0.0,,,0.0,,,,0.00624538820829692,1.93310658026108e-06
20171004,MW1147-25,C4,7,17beta-Estradiol,0.3,uM,DTXSID0020573,True,TP0001649G08,0.691118974509221,1.02,0.110724744433466,16.24,0.5718,63.8526,9.0,5.0,2.0,8.5,0.144791666666667,0.345303867403315,524.2,0.0456673129516314,10.0,0.0151481865879092,1.15161905522854e-05
20171004,MW1147-25,C5,7,17beta-Estradiol,1.0,uM,DTXSID0020573,True,TP0001649G08,1.11493332038419,1.37142857142857,0.0752803390473417,23.89575,0.6405,37.196,7.0,4.0,6.0,9.0,0.166904761904762,1.28951747088186,144.42,0.0340538622314683,15.5,0.024332519981204,6.59228942502532e-06
20171004,MW1147-25,C6,7,17beta-Estradiol,3.0,uM,DTXSID0020573,True,TP0001649G08,0.218613598448053,0.285,0.0485251282051276,38.776,0.223,41.239,4.0,1.0,0.0,,,0.0,,,,0.000433151210975877,0.0
20171004,MW1147-25,C7,7,17beta-Estradiol,10.0,uM,DTXSID0020573,True,TP0001649G08,0.18139095271484,0.27,0.0430530232558139,53.125,0.231,53.57,4.0,1.0,0.0,,,0.0,,,,0.00888654342275508,0.0
20171004,MW1147-25,C8,7,17beta-Estradiol,20.0,uM,DTXSID0020573,True,TP0001649G08,0.115556870335947,0.0,,0.0,,,1.0,0.0,0.0,,,0.0,,,,0.0,0.0
20171004,MW1147-25,D1,7,Bisphenol B,0.03,uM,DTXSID4022442,True,TP0001649H02,0.284669905577592,0.3,0.0411749019607853,37.695,0.221,44.21,5.0,1.0,0.0,,,0.0,,,,0.00508504501607853,2.62947991920559e-06
20171004,MW1147-25,D2,7,Bisphenol B,0.0,uM,DTXSID4022442,True,TP0001649H02,1.31096729684696,2.58,0.0866124043952864,30.291,0.507,6.5575,7.0,2.0,0.0,,,0.0,,,,0.00195736032789547,1.47820693378135e-05
20171004,MW1147-25,D3,7,Bisphenol B,0.1,uM,DTXSID4022442,True,TP0001649H02,0.673587910847144,0.72,0.121285271126441,21.388,0.7165,20.6555,9.0,2.0,0.0,,,0.0,,,,0.000747763174110043,3.7975172728355e-06
20171004,MW1147-25,D4,7,Bisphenol B,0.3,uM,DTXSID4022442,True,TP0001649H02,0.25889183450265,0.02,,0.0,,,3.0,0.0,0.0,,,0.0,,,,-0.00198883713504774,0.0
20171004,MW1147-25,D5,7,Bisphenol B,1.0,uM,DTXSID4022442,True,TP0001649H02,1.01990049309005,1.428,0.0833150298430663,36.69,0.5708,30.299,10.0,5.0,0.0,,,0.0,,,,0.0160832044250475,1.04160364604681e-05
20171004,MW1147-25,D6,7,Bisphenol B,3.0,uM,DTXSID4022442,True,TP0001649H02,0.551339606352855,0.612,0.0570942424242436,28.453,0.335,18.99,5.0,1.0,0.0,,,0.0,,,,0.0016044331946066,2.32722896162385e-07
20171004,MW1147-25,D7,7,Bisphenol B,10.0,uM,DTXSID4022442,True,TP0001649H02,0.210891288363103,0.156,0.0398971428571404,26.522,0.163,73.129,5.0,1.0,0.0,,,0.0,,,,0.00202607309236794,0.0
20171004,MW1147-25,D8,7,Bisphenol B,20.0,uM,DTXSID4022442,True,TP0001649H02,0.0,0.0,,0.0,,,0.0,0.0,0.0,,,0.0,,,,0.0,0.0
20171004,MW1147-25,E1,7,Abamectin,0.0003,uM,DTXSID8023892,True,TP0001649H03,0.26916972922003,0.0,,0.0,,,4.0,0.0,0.0,,,0.0,,,,0.00132849853075677,0.0
20171004,MW1147-25,E2,7,Abamectin,0.0,uM,DTXSID8023892,True,TP0001649H03,0.897787992610049,0.42,0.195601440217393,6.9315,0.936,42.95,8.0,2.0,0.0,,,0.0,,,,0.00193076447730989,1.34658970033045e-05
20171004,MW1147-25,E3,7,Abamectin,0.001,uM,DTXSID8023892,True,TP0001649H03,0.249169501661886,0.0,,0.0,,,4.0,0.0,0.0,,,0.0,,,,-4.28831135117986e-05,0.0
20171004,MW1147-25,E4,7,Abamectin,0.003,uM,DTXSID8023892,True,TP0001649H03,0.094445519024572,0.0,,0.0,,,1.0,0.0,0.0,,,0.0,,,,0.0,0.0
20171004,MW1147-25,E5,7,Abamectin,0.01,uM,DTXSID8023892,True,TP0001649H03,0.0,0.0,,0.0,,,0.0,0.0,0.0,,,0.0,,,,0.0,0.0
20171004,MW1147-25,E6,7,Abamectin,0.03,uM,DTXSID8023892,True,TP0001649H03,0.0,0.0,,0.0,,,0.0,0.0,0.0,,,0.0,,,,0.0,0.0
20171004,MW1147-25,E7,7,Abamectin,0.1,uM,DTXSID8023892,True,TP0001649H03,0.0,0.0,,0.0,,,0.0,0.0,0.0,,,0.0,,,,0.0,0.0
20171004,MW1147-25,E8,7,Abamectin,0.3,uM,DTXSID8023892,True,TP0001649H03,0.0,0.0,,0.0,,,0.0,0.0,0.0,,,0.0,,,,0.0,0.0
20171004,MW1147-25,F1,7,Octylbicycloheptenedicarboximide,0.03,uM,DTXSID6032562,True,TP0001649H11,1.38501575840152,0.57,0.11884634605566,44.833,7.514,21.1055,8.0,2.0,0.0,,,0.0,,,,0.00318637489191033,1.28510054306733e-05
20171004,MW1147-25,F2,7,Octylbicycloheptenedicarboximide,0.0,uM,DTXSID6032562,True,TP0001649H11,0.477148286030023,0.274285714285714,0.118795000000001,18.43,0.563,32.637,7.0,1.0,0.0,,,0.0,,,,0.00164979569262517,4.67722036747928e-06
20171004,MW1147-25,F3,7,Octylbicycloheptenedicarboximide,0.1,uM,DTXSID6032562,True,TP0001649H11,0.432088249537417,0.015,,0.0,,,8.0,0.0,0.0,,,0.0,,,,0.00156996296648857,4.51187425515309e-06
20171004,MW1147-25,F4,7,Octylbicycloheptenedicarboximide,0.3,uM,DTXSID6032562,True,TP0001649H11,2.31240726243692,0.985714285714286,0.102450213604995,14.696,0.6675,16.6665,7.0,2.0,0.0,,,0.0,,,,0.000413583201580475,4.37928449400123e-06
20171004,MW1147-25,F5,7,Octylbicycloheptenedicarboximide,1.0,uM,DTXSID6032562,True,TP0001649H11,0.676674365717228,1.104,0.15695787114846,29.739,1.35,8.64,5.0,1.0,0.0,,,0.0,,,,0.00562599531100539,0.0
20171004,MW1147-25,F6,7,Octylbicycloheptenedicarboximide,3.0,uM,DTXSID6032562,True,TP0001649H11,0.4296345179157,0.38,0.0806685899214074,22.2115,0.3525,61.7415,6.0,2.0,0.0,,,0.0,,,,0.0134936614982494,8.88268798536485e-06
20171004,MW1147-25,F7,7,Octylbicycloheptenedicarboximide,10.0,uM,DTXSID6032562,True,TP0001649H11,0.184446543036223,0.0,,0.0,,,3.0,0.0,0.0,,,0.0,,,,-2.31556061174926e-05,0.0
20171004,MW1147-25,F8,7,Octylbicycloheptenedicarboximide,20.0,uM,DTXSID6032562,True,TP0001649H11,0.332226002215847,0.0,,0.0,,,1.0,0.0,0.0,,,0.0,,,,0.0,0.0
