date,Plate.SN,well,DIV,trt,dose,units,meanfiringrate,burst.per.min,mean.isis,per.spikes.in.burst,mean.dur,mean.IBIs,nAE,nABE,ns.n,ns.peak.m,ns.durn.m,ns.percent.of.spikes.in.ns,ns.mean.insis,ns.durn.sd,ns.mean.spikes.in.ns,r,mi
20160120,MW1092-29,A1,5,Malaoxon,10.0,uM,0.133333724445592,0.0,,0.0,,,1.0,0.0,0.0,,,0.0,,,,0.0,0.0
20160120,MW1092-29,A2,5,Malaoxon,30.0,uM,0.283889721632072,0.03,,0.0,,,2.0,0.0,0.0,,,0.0,,,,0.0096898041571843,0.0
20160120,MW1092-29,A3,5,Malaoxon,100.0,uM,0.0,0.0,,0.0,,,0.0,0.0,0.0,,,0.0,,,,0.0,0.0
20160120,MW1092-29,A4,5,Malaoxon,0.0,uM,0.180000528001549,0.12,,0.0,,,1.0,0.0,0.0,,,0.0,,,,0.0,0.0
20160120,MW1092-29,A5,5,Malaoxon,0.1,uM,0.15555601185319,0.02,,0.0,,,3.0,0.0,0.0,,,0.0,,,,0.0537205477203897,0.0
20160120,MW1092-29,A6,5,Malaoxon,0.3,uM,0.252222962076244,0.18,,0.0,,,2.0,0.0,0.0,,,0.0,,,,0.0155566101864064,0.0
20160120,MW1092-29,A7,5,Malaoxon,1.0,uM,1.46926356909906,0.5,0.103558554216867,5.077,0.537,54.758,3.0,1.0,0.0,,,0.0,,,,0.0019624992627015,4.57679731054317e-06
20160120,MW1092-29,A8,5,Malaoxon,3.0,uM,0.0,0.0,,0.0,,,0.0,0.0,0.0,,,0.0,,,,0.0,0.0
20160120,MW1092-29,B1,5,Fosthiazate,10.0,uM,0.0,0.0,,0.0,,,0.0,0.0,0.0,,,0.0,,,,0.0,0.0
20160120,MW1092-29,B2,5,Fosthiazate,30.0,uM,0.185556099853448,0.28,0.0668289855072449,78.846,0.355,67.878,3.0,1.0,0.0,,,0.0,,,,0.0005898238364891,0.0
20160120,MW1092-29,B3,5,Fosthiazate,100.0,uM,0.154167118890215,0.015,,0.0,,,4.0,0.0,0.0,,,0.0,,,,0.0053199505211016,0.0
20160120,MW1092-29,B4,5,Fosthiazate,0.0,uM,3.5044547241783,1.26,0.142792523364486,3.995,0.804,45.572,1.0,1.0,0.0,,,0.0,,,,0.0,0.0
20160120,MW1092-29,B5,5,Fosthiazate,0.1,uM,0.648520420845086,0.26,0.0459876190476221,7.095,0.322,74.211,3.0,1.0,0.0,,,0.0,,,,0.0129773902613447,0.0
20160120,MW1092-29,B6,5,Fosthiazate,0.3,uM,0.116296637433099,0.2,,0.0,,,3.0,0.0,0.0,,,0.0,,,,0.131748751947213,0.0
20160120,MW1092-29,B7,5,Fosthiazate,1.0,uM,0.134444838815972,0.0,,0.0,,,1.0,0.0,0.0,,,0.0,,,,0.0,0.0
20160120,MW1092-29,B8,5,Fosthiazate,3.0,uM,0.133333724445592,0.06,,0.0,,,1.0,0.0,0.0,,,0.0,,,,0.0,0.0
20160120,MW1092-29,C1,5,Dichlorvos,1.0,uM,0.170556055853319,0.015,,0.0,,,4.0,0.0,0.0,,,0.0,,,,-0.0003010824052672,0.0
20160120,MW1092-29,C2,5,Dichlorvos,3.0,uM,0.199259843754801,0.0,,0.0,,,3.0,0.0,0.0,,,0.0,,,,0.0017038073489009,0.0
20160120,MW1092-29,C3,5,Dichlorvos,10.0,uM,0.552223842078826,0.42,,0.0,,,1.0,0.0,0.0,,,0.0,,,,0.0,0.0
20160120,MW1092-29,C4,5,Dichlorvos,0.0,uM,0.150000440001291,0.0,,0.0,,,1.0,0.0,0.0,,,0.0,,,,0.0,0.0
20160120,MW1092-29,C5,5,Dichlorvos,0.01,uM,0.201111701038767,0.09,,0.0,,,2.0,0.0,0.0,,,0.0,,,,-0.001872604040262,0.0
20160120,MW1092-29,C6,5,Dichlorvos,0.03,uM,0.888224827681717,0.792,0.0788246161112821,41.0405,0.646,34.997,5.0,2.0,0.0,,,0.0,,,,0.0080247917178875,1.06784363865242e-06
20160120,MW1092-29,C7,5,Dichlorvos,0.1,uM,0.280000821335743,0.06,,0.0,,,2.0,0.0,0.0,,,0.0,,,,0.0035919677518803,0.0
20160120,MW1092-29,C8,5,Dichlorvos,0.3,uM,0.296667536891442,0.18,,0.0,,,2.0,0.0,0.0,,,0.0,,,,0.0168320326367862,0.0
20160120,MW1092-29,D1,5,Tebupirimfos,10.0,uM,2.24667325690822,0.0,,0.0,,,1.0,0.0,0.0,,,0.0,,,,0.0,0.0
20160120,MW1092-29,D2,5,Tebupirimfos,30.0,uM,0.415001217336904,0.51,0.0815877801268506,21.4515,0.407,60.9735,4.0,2.0,0.0,,,0.0,,,,0.0056175914819512,2.96725100814854e-05
20160120,MW1092-29,D3,5,Tebupirimfos,100.0,uM,0.0,0.0,,0.0,,,0.0,0.0,0.0,,,0.0,,,,0.0,0.0
20160120,MW1092-29,D4,5,Tebupirimfos,0.0,uM,0.412667877159106,0.192,0.117653333333335,4.731,0.529,102.894,5.0,1.0,0.0,,,0.0,,,,0.0070379973325699,7.0676758612275905e-09
20160120,MW1092-29,D5,5,Tebupirimfos,0.1,uM,0.971113959712059,2.94,0.0930567436175996,46.677,0.6545,13.391,3.0,2.0,0.0,,,0.0,,,,0.0088610636030638,1.90406683054992e-05
20160120,MW1092-29,D6,5,Tebupirimfos,0.3,uM,0.0883335924452045,0.06,,0.0,,,2.0,0.0,0.0,,,0.0,,,,0.0246317809900423,0.0
20160120,MW1092-29,D7,5,Tebupirimfos,1.0,uM,0.0,0.0,,0.0,,,0.0,0.0,0.0,,,0.0,,,,0.0,0.0
20160120,MW1092-29,D8,5,Tebupirimfos,3.0,uM,0.276945256817198,0.0,,0.0,,,4.0,0.0,0.0,,,0.0,,,,1.79717347349633e-06,0.0
20160120,MW1092-29,E1,5,Phosmet,10.0,uM,0.634168526894346,0.495,0.0982951428571419,21.3545,0.443,61.129,4.0,2.0,0.0,,,0.0,,,,0.0054030634032088,1.7781417313012e-06
20160120,MW1092-29,E2,5,Phosmet,30.0,uM,0.757780000599113,0.0,,0.0,,,1.0,0.0,0.0,,,0.0,,,,0.0,0.0
20160120,MW1092-29,E3,5,Phosmet,100.0,uM,0.0,0.0,,0.0,,,0.0,0.0,0.0,,,0.0,,,,0.0,0.0
20160120,MW1092-29,E4,5,Phosmet,0.0,uM,0.283111941572806,0.6,0.028982388698787,56.653,0.249666666666667,64.9646666666667,5.0,3.0,5.0,5.4,0.169583333333333,4.48300795372379,137.0875,0.0359518389268509,12.4,0.0658234941367018,9.7080985179944e-05
20160120,MW1092-29,E5,5,Phosmet,0.1,uM,0.353889926966008,0.81,0.0814958730158737,25.719,0.604,53.453,2.0,1.0,0.0,,,0.0,,,,0.0404734659371863,0.0
20160120,MW1092-29,E6,5,Phosmet,0.3,uM,0.671390858302073,0.315,0.104266666666665,3.931,0.48,56.721,4.0,1.0,0.0,,,0.0,,,,0.0246695090094319,0.0
20160120,MW1092-29,E7,5,Phosmet,1.0,uM,1.01185481995932,0.12,,0.0,,,3.0,0.0,0.0,,,0.0,,,,-0.0013352569398195,0.0
20160120,MW1092-29,E8,5,Phosmet,3.0,uM,0.230371046125439,0.42,0.0865686153846169,19.444,0.469,70.978,3.0,1.0,0.0,,,0.0,,,,0.0224302885315204,0.0
20160120,MW1092-29,F1,5,Omethoate,10.0,uM,0.37703814301559,0.1,,0.0,,,3.0,0.0,0.0,,,0.0,,,,0.0010008466275267,1.08808151673412e-06
20160120,MW1092-29,F2,5,Omethoate,30.0,uM,0.6366685342277,0.0,,0.0,,,2.0,0.0,0.0,,,0.0,,,,0.0028843694142519,0.0
20160120,MW1092-29,F3,5,Omethoate,100.0,uM,0.15888935496433,0.0,,0.0,,,1.0,0.0,0.0,,,0.0,,,,0.0,0.0
20160120,MW1092-29,F4,5,Omethoate,0.0,uM,2.21630279745117,2.4,0.128587988869421,13.1215,0.774,16.662,3.0,2.0,0.0,,,0.0,,,,0.0088783470967547,5.59893626525532e-06
20160120,MW1092-29,F5,5,Omethoate,0.1,uM,1.93889457631298,1.14,0.103841344537815,8.124,0.797,28.465,2.0,1.0,0.0,,,0.0,,,,0.0138947887656023,0.0
20160120,MW1092-29,F6,5,Omethoate,0.3,uM,1.30555938519642,0.96,0.0752842341040461,22.739,0.67,32.2725,4.0,2.0,0.0,,,0.0,,,,0.0090049031411486,2.4396792804901e-05
20160120,MW1092-29,F7,5,Omethoate,1.0,uM,0.418149374719647,0.24,0.0676203389830518,9.103,0.363,79.037,3.0,1.0,0.0,,,0.0,,,,0.0067504405934121,0.0
20160120,MW1092-29,F8,5,Omethoate,3.0,uM,0.0,0.0,,0.0,,,0.0,0.0,0.0,,,0.0,,,,0.0,0.0
20160120,MW1092-29,A1,7,Malaoxon,10.0,uM,0.458517414410442,1.29428571428571,0.0334602993983158,46.4501538461538,0.240615384615385,49.9752307692308,14.0,13.0,28.0,12.3928571428571,0.177607484281592,11.7425539198904,31.5759259259259,0.0466564762170862,24.5,0.130015034859009,0.0007820231480709
20160120,MW1092-29,A2,7,Malaoxon,30.0,uM,0.796587252300626,1.77333333333333,0.0281816673786631,57.7657777777778,0.317777777777778,39.6471111111111,9.0,9.0,27.0,13.0,0.143211880711881,18.2313927781872,32.6769230769231,0.0517300197236124,45.8148148148148,0.24090965547352,0.0025106397279939
20160120,MW1092-29,A3,7,Malaoxon,100.0,uM,0.334129584764598,0.744,0.0337282259137946,56.1866,0.282,45.9422,10.0,5.0,22.0,9.68181818181818,0.123781114718615,11.2757731958763,38.8547619047619,0.0255192476849031,15.9090909090909,0.116406866159166,0.0001214039216218
20160120,MW1092-29,A4,7,Malaoxon,0.0,uM,0.224179061277877,0.89,0.0224718273754153,64.038125,0.14075,47.576,12.0,8.0,22.0,13.0,0.122595393873803,24.5412844036697,39.1309523809524,0.0360827665231038,29.1818181818182,0.180561297206801,0.0
20160120,MW1092-29,A5,7,Malaoxon,0.1,uM,0.517991602143099,1.74,0.0312390352988686,77.3623,0.3574,29.3901,12.0,10.0,31.0,11.5483870967742,0.196352406554019,21.2206738401835,28.0583333333333,0.0500173722252904,38.8064516129032,0.240849167871657,0.0028236156758083
20160120,MW1092-29,A6,7,Malaoxon,0.3,uM,0.406781749770224,1.595,0.0269287629668381,82.268,0.2556,36.0535,12.0,10.0,30.0,11.8,0.175181216931217,29.2858751971165,28.8758620689655,0.0620550649302511,43.3333333333333,0.291407375186754,0.0038095544241433
20160120,MW1092-29,A7,7,Malaoxon,1.0,uM,0.844046666402356,1.812,0.0288848691222829,64.9640769230769,0.387,39.6293846153846,15.0,13.0,28.0,14.0714285714286,0.174198457792208,15.9469896436721,30.1962962962963,0.0539766870065682,64.8928571428571,0.254239572905809,0.0044133545384226
20160120,MW1092-29,A8,7,Malaoxon,3.0,uM,0.494718710472506,1.61333333333333,0.030013020696142,61.50825,0.268875,40.607625,9.0,8.0,27.0,11.0,0.158220164609054,22.6424013235642,32.7211538461538,0.0484906952372314,35.4814814814815,0.22812391571819,0.0023774503072002
20160120,MW1092-29,B1,7,Fosthiazate,10.0,uM,0.416813168593756,1.53333333333333,0.0263749902926415,64.8175714285714,0.226428571428571,42.5577142857143,9.0,7.0,30.0,9.93333333333333,0.138542328042328,22.7246708643389,29.9586206896552,0.0461257297139931,26.4666666666667,0.205978561278922,0.0018052140090441
20160120,MW1092-29,B2,7,Fosthiazate,30.0,uM,0.545956111232698,1.73,0.0357392497909746,69.2386666666667,0.363111111111111,26.8058888888889,12.0,9.0,29.0,10.8965517241379,0.223097290640394,12.4127617148554,31.1767857142857,0.0631042692699856,25.7586206896552,0.129346743592482,0.0021453025429459
20160120,MW1092-29,B3,7,Fosthiazate,100.0,uM,0.805903143347934,1.81090909090909,0.033798462031104,68.9561666666667,0.414666666666667,22.2746666666667,11.0,6.0,26.0,12.0,0.151198107448107,10.6341224089292,34.12,0.0359736360690656,33.3461538461538,0.136904263564817,0.0020782460403584
20160120,MW1092-29,B4,7,Fosthiazate,0.0,uM,0.698523469071316,1.65818181818182,0.0421957151008198,61.5535,0.4111,42.8358,11.0,10.0,28.0,10.4285714285714,0.213871656617192,12.4447612259444,30.1962962962963,0.0684510594933183,31.1785714285714,0.155672180577481,0.0023926347917972
20160120,MW1092-29,B5,7,Fosthiazate,0.1,uM,0.483693409537843,1.53,0.0328106205773881,67.9378333333333,0.297333333333333,25.612,10.0,6.0,27.0,11.1851851851852,0.151651702207258,16.8877099911583,32.9980769230769,0.0432668277803158,28.2962962962963,0.195083913130653,0.0013944457729981
20160120,MW1092-29,B6,7,Fosthiazate,0.3,uM,0.763097746382067,1.815,0.0333418341209131,62.338,0.310090909090909,32.0386363636364,12.0,11.0,30.0,11.9,0.183037367724868,14.4763736924372,28.2793103448276,0.043700462415413,40.1333333333333,0.171549786746065,0.0025414398752288
20160120,MW1092-29,B7,7,Fosthiazate,1.0,uM,0.532714638385636,1.51,0.0269635072898351,70.9647777777778,0.293555555555556,36.7597777777778,12.0,9.0,30.0,11.8333333333333,0.169880621693122,19.3839346494214,29.8224137931035,0.0396226842716124,37.9666666666667,0.219955864674197,0.0031871800662409
20160120,MW1092-29,B8,7,Fosthiazate,3.0,uM,0.382344371718718,1.36909090909091,0.025756370179117,67.595875,0.197625,36.548125,11.0,8.0,28.0,12.3214285714286,0.127360499123892,26.025641025641,32.8481481481481,0.0206686584118608,36.25,0.275910200380744,0.0012197836541706
20160120,MW1092-29,C1,7,Dichlorvos,1.0,uM,0.534103604068895,1.21,0.0309877164657328,50.5905555555556,0.255555555555556,45.1461111111111,12.0,9.0,25.0,13.92,0.126563705738706,17.8788903924222,34.7854166666667,0.0257363306409732,42.28,0.17367762548156,0.0014117935756723
20160120,MW1092-29,C2,7,Dichlorvos,3.0,uM,0.788730476718559,2.22,0.0391246415189703,45.5887777777778,0.344,49.2674444444444,11.0,9.0,22.0,12.4545454545455,0.127638273973501,9.33182617432806,41.202380952381,0.0247933198669498,33.7727272727273,0.136548248248185,0.0005386291397853
20160120,MW1092-29,C3,7,Dichlorvos,10.0,uM,0.710872636691558,2.295,0.0481408687791916,73.3333333333333,0.438666666666667,23.487,4.0,3.0,22.0,10.4090909090909,0.0858351370851371,15.7221838286109,40.2047619047619,0.0162179897638646,20.6818181818182,0.11427118638884,0.0007382666897621
20160120,MW1092-29,C4,7,Dichlorvos,0.0,uM,0.622873944181131,0.853333333333333,0.0292412082215227,39.1602,0.3276,46.4636,9.0,5.0,20.0,12.3,0.103788284632035,14.8834543370271,42.4657894736842,0.0206401691591889,38.95,0.191947992593816,0.0007133045900632
20160120,MW1092-29,C5,7,Dichlorvos,0.01,uM,0.606541471511961,0.934285714285714,0.0291655442485469,49.264,0.39225,44.924,7.0,4.0,18.0,12.2777777777778,0.1052243666827,15.7487922705314,50.3852941176471,0.0269164636364685,36.2222222222222,0.182496339988815,0.0014350423365375
20160120,MW1092-29,C6,7,Dichlorvos,0.03,uM,0.89882747295006,2.226,0.0444631487769597,65.6842857142857,0.542714285714286,27.7771428571429,10.0,7.0,22.0,10.9545454545455,0.224313672438672,7.01542912246866,40.4571428571429,0.0811257816668666,26.4545454545455,0.104772699121421,0.0011989506104434
20160120,MW1092-29,C7,7,Dichlorvos,0.1,uM,0.872270449086163,1.524,0.0379053385074068,50.6126,0.395,43.9546,5.0,5.0,17.0,8.94117647058824,0.130191409897292,10.8192022928111,51.78125,0.0300624187775577,26.6470588235294,0.177924002188511,0.0004565693282031
20160120,MW1092-29,C8,7,Dichlorvos,0.3,uM,0.477026374258203,1.734,0.0406763676494895,71.138375,0.359375,30.944875,10.0,8.0,23.0,12.5217391304348,0.136491663529707,14.7276395427034,37.4318181818182,0.0299622307232989,28.5652173913043,0.174612227544404,0.0007065372930661
20160120,MW1092-29,D1,7,Tebupirimfos,10.0,uM,0.87602065643096,2.04,0.0543584868723709,53.1972857142857,0.347142857142857,34.1025714285714,8.0,7.0,20.0,9.85,0.144910218253968,7.09012611504153,43.5394736842105,0.0239996541054525,23.05,0.138715508212118,0.0009514316495682
20160120,MW1092-29,D2,7,Tebupirimfos,30.0,uM,0.618506418754886,1.2675,0.0269270569759598,68.9936666666667,0.361666666666667,46.8768333333333,8.0,6.0,23.0,9.65217391304348,0.166790890269151,14.5462347135808,39.9318181818182,0.0650760253629877,29.4782608695652,0.182653219164838,0.0021191985765573
20160120,MW1092-29,D3,7,Tebupirimfos,100.0,uM,0.0,0.0,,0.0,,,0.0,0.0,0.0,,,0.0,,,,0.0,0.0
20160120,MW1092-29,D4,7,Tebupirimfos,0.0,uM,0.329647855493284,1.39,0.0262402140638966,75.3687272727273,0.218090909090909,43.7643636363636,12.0,11.0,26.0,12.4230769230769,0.151876214063714,28.3365305563168,33.698,0.0306575518766437,39.7692307692308,0.295885832738978,0.0014097739408829
20160120,MW1092-29,D5,7,Tebupirimfos,0.1,uM,0.627318634367557,1.91333333333333,0.0410417105358557,60.3664444444444,0.365333333333333,39.5195555555556,9.0,9.0,20.0,10.85,0.174281746031746,13.3078393881453,43.9973684210526,0.0421771496439233,34.8,0.164933848843395,0.0017913616659294
20160120,MW1092-29,D6,7,Tebupirimfos,0.3,uM,0.300880832897803,0.926666666666667,0.0212386264477683,61.3172857142857,0.170857142857143,58.0931428571429,9.0,7.0,20.0,13.15,0.102897907647908,29.6863330843913,45.5710526315789,0.0197866345414178,39.75,0.27226631021366,0.0005108443071601
20160120,MW1092-29,D7,7,Tebupirimfos,1.0,uM,0.579198689918678,0.83,0.0303031348590711,53.9377142857143,0.220857142857143,56.7538571428571,12.0,7.0,21.0,10.8095238095238,0.13392766955267,8.9424449024893,42.9375,0.0304781478846402,26.8571428571429,0.15575104055803,6.07488526798983e-05
20160120,MW1092-29,D8,7,Tebupirimfos,3.0,uM,0.56407159093192,1.2,0.0344741300748334,59.41575,0.351375,47.42125,11.0,8.0,24.0,11.1666666666667,0.152682028619529,15.4088600945544,36.7826086956522,0.0459398417759495,36.6666666666667,0.190143210677483,0.001688800574712
20160120,MW1092-29,E1,7,Phosmet,10.0,uM,0.526219570285829,1.32,0.0549593499044234,41.622,0.4105,42.2525,7.0,6.0,17.0,8.70588235294118,0.127220524573466,9.94202898550725,52.875,0.0263651894847481,20.1764705882353,0.120731942607796,0.0005349936494426
20160120,MW1092-29,E2,7,Phosmet,30.0,uM,0.574253972086279,0.624,0.187036153846156,17.528,0.905,18.328,5.0,1.0,0.0,,,0.0,,,,0.0051902990372622,8.64835159319899e-08
20160120,MW1092-29,E3,7,Phosmet,100.0,uM,0.0,0.0,,0.0,,,0.0,0.0,0.0,,,0.0,,,,0.0,0.0
20160120,MW1092-29,E4,7,Phosmet,0.0,uM,0.633923937839052,1.83,0.0287338607981758,76.465,0.3714,35.5623,10.0,10.0,26.0,11.4615384615385,0.202351190476191,15.2185089974293,33.364,0.0500484641665666,34.1538461538462,0.263695567776842,0.0031861633575341
20160120,MW1092-29,E5,7,Phosmet,0.1,uM,0.42187517686163,1.37,0.0297991139929697,63.9131111111111,0.289666666666667,47.8253333333333,12.0,9.0,20.0,13.0,0.138280903124653,19.9783783783784,45.2631578947368,0.0260106861833882,46.2,0.270389921108239,0.0011815186024306
20160120,MW1092-29,E6,7,Phosmet,0.3,uM,0.274181825875173,0.98,0.0243615319050782,75.1566666666667,0.217111111111111,47.8822222222222,12.0,9.0,21.0,14.1428571428571,0.14324827949828,30.892228973457,40.3275,0.0403800497978102,46.0,0.32522879217343,0.0017617600240522
20160120,MW1092-29,E7,7,Phosmet,1.0,uM,0.280722591547243,1.00363636363636,0.0394310552961791,62.91825,0.22875,48.012875,11.0,8.0,20.0,11.05,0.124585948773449,22.9376957883745,44.0894736842105,0.0291168117090828,32.95,0.224379252052879,0.0005980847082614
20160120,MW1092-29,E8,7,Phosmet,3.0,uM,0.56020191311227,1.49538461538462,0.0298750003106488,64.4995833333333,0.29125,38.4146666666667,13.0,12.0,23.0,14.6521739130435,0.159521339168078,17.1339099314047,38.5113636363636,0.0304415104761401,49.9565217391304,0.250312409615172,0.0018604889262445
20160120,MW1092-29,F1,7,Omethoate,10.0,uM,0.712594954138798,1.512,0.0316504552890456,61.509,0.323666666666667,37.9676666666667,10.0,9.0,25.0,11.6,0.157210714285714,14.782740808265,35.73125,0.0422462748029072,38.92,0.16860174334398,0.0014850769145006
20160120,MW1092-29,F2,7,Omethoate,30.0,uM,0.352426892698719,1.235,0.0349582582433235,68.3054,0.2866,42.507,12.0,10.0,26.0,12.2692307692308,0.148205266955267,15.9569009748589,32.698,0.0359881650120633,23.9230769230769,0.195942783277924,0.0014440178805375
20160120,MW1092-29,F3,7,Omethoate,100.0,uM,0.75402317058478,1.215,0.0420807298781239,42.84,0.3715,45.141875,12.0,8.0,23.0,10.4347826086957,0.169612663906142,5.92547342700061,37.8909090909091,0.0419309749876603,21.0869565217391,0.0753042469573887,0.0006285829936087
20160120,MW1092-29,F4,7,Omethoate,0.0,uM,0.413053140279481,1.44545454545455,0.0264486702981881,69.8989090909091,0.252,40.0083636363636,11.0,11.0,24.0,11.9166666666667,0.154115184583935,26.9925355164941,35.2826086956522,0.0375763780121096,46.7083333333333,0.285980585905971,0.0036423458339232
20160120,MW1092-29,F5,7,Omethoate,0.1,uM,0.479656149285172,1.408,0.0344623302790083,71.1315,0.3932,33.5081,15.0,10.0,36.0,13.0277777777778,0.191375401219151,19.2836189593948,24.1785714285714,0.0814659752501639,34.6944444444444,0.223641560815358,0.0026497343369735
20160120,MW1092-29,F6,7,Omethoate,0.3,uM,0.447432145433582,1.435,0.0298067522703686,73.1037777777778,0.300555555555556,36.9725555555556,12.0,9.0,27.0,12.4074074074074,0.160718327454439,19.1051995163241,33.4769230769231,0.0402687118439719,35.1111111111111,0.227616739876623,0.0025371841798508
20160120,MW1092-29,F7,7,Omethoate,1.0,uM,0.423134505747784,1.428,0.0428262210265622,60.147375,0.351125,49.388375,10.0,8.0,25.0,10.84,0.163651587301587,14.9219929542023,35.0833333333333,0.049538981438906,23.72,0.151547557659882,0.0012416582387408
20160120,MW1092-29,F8,7,Omethoate,3.0,uM,0.330274670775986,1.42615384615385,0.0301600460924928,63.4899090909091,0.184181818181818,43.3356363636364,13.0,11.0,24.0,12.25,0.139173054954305,19.3491422805247,36.8760869565217,0.0315932310736419,31.9583333333333,0.193193113637705,0.0007777348249337
20160120,MW1092-5,A1,5,Malaoxon,100.0,uM,0.867577996906409,0.348,0.0504573529411775,12.426,0.597,39.359,5.0,1.0,5.0,7.2,0.0972500000000001,1.14598903836572,202.9875,0.0302529842421464,9.2,0.0183974520375333,1.86304884527977e-05
20160120,MW1092-5,A2,5,Malaoxon,0.0,uM,0.443900371111822,0.12,,0.0,,,2.0,0.0,0.0,,,0.0,,,,0.0216398880618448,0.0
20160120,MW1092-5,A3,5,Malaoxon,0.1,uM,0.824650960601144,0.7,0.0717523508414069,20.6605,0.38,36.8065,6.0,2.0,2.0,6.0,0.118958333333333,0.410988535582955,468.1,0.0144367634492253,9.5,0.018996286135428,2.05797781382758e-05
20160120,MW1092-5,A4,5,Malaoxon,0.3,uM,0.238895068307989,0.24,0.0462480000000006,27.586,0.231,75.181,3.0,1.0,0.0,,,0.0,,,,0.0291928889195611,0.0
20160120,MW1092-5,A5,5,Malaoxon,1.0,uM,0.495938754208368,0.5,0.0406412307692303,63.415,0.203,58.967,3.0,1.0,5.0,6.8,0.0928809523809525,3.29032258064516,204.525,0.0218179568848778,10.2,0.0489940641594069,1.65056903927499e-05
20160120,MW1092-5,A6,5,Malaoxon,3.0,uM,0.613164008657172,0.8,0.0902938583170248,35.8736666666667,0.485666666666667,74.1546666666667,6.0,3.0,0.0,,,0.0,,,,0.016122911989961,5.75637444835686e-07
20160120,MW1092-5,A7,5,Malaoxon,10.0,uM,0.942987354902543,0.54,0.040501654135338,12.516,0.567,47.863,3.0,1.0,0.0,,,0.0,,,,0.0368666513690501,0.0
20160120,MW1092-5,A8,5,Malaoxon,30.0,uM,6.7123958495282,5.34,0.141301243355674,72.951,7.643,3.617,1.0,1.0,0.0,,,0.0,,,,0.0,0.0
20160120,MW1092-5,B1,5,Fosthiazate,100.0,uM,0.27889610300142,0.0,,0.0,,,5.0,0.0,1.0,7.0,0.0833333333333336,0.669642857142857,,,9.0,0.0083158422291635,0.0
20160120,MW1092-5,B2,5,Fosthiazate,0.0,uM,0.137040581820087,0.26,0.045662950819675,38.021,0.232,77.189,3.0,1.0,0.0,,,0.0,,,,0.0036107379047142,0.0
20160120,MW1092-5,B3,5,Fosthiazate,0.1,uM,4.10010605607665,1.92,0.100224845814978,6.938,0.785,29.675,1.0,1.0,5.0,6.4,0.110916666666667,1.19820269595607,178.3,0.0279266151427868,9.6,0.0,0.0
20160120,MW1092-5,B4,5,Fosthiazate,0.3,uM,0.349175698678072,1.485,0.0513940951806368,52.837,0.265666666666667,42.2533333333333,4.0,3.0,0.0,,,0.0,,,,0.0209295126937467,2.81358042288071e-07
20160120,MW1092-5,B5,5,Fosthiazate,1.0,uM,1.35781289987145,1.68,0.198042181818182,11.047,0.871,35.141,1.0,1.0,0.0,,,0.0,,,,0.0,0.0
20160120,MW1092-5,B6,5,Fosthiazate,3.0,uM,0.197042133860233,0.08,,0.0,,,3.0,0.0,1.0,6.0,0.1,1.54494382022472,,,11.0,0.005964726420128,0.0
20160120,MW1092-5,B7,5,Fosthiazate,10.0,uM,0.129725577790501,0.48,0.0221973333333361,89.109,0.111,61.392,4.0,1.0,2.0,8.5,0.107291666666667,2.93296089385475,50.15,0.0014731391274721,10.5,0.174600563468977,0.0
20160120,MW1092-5,B8,5,Fosthiazate,30.0,uM,0.0,0.0,,0.0,,,0.0,0.0,0.0,,,0.0,,,,0.0,0.0
20160120,MW1092-5,C1,5,Dichlorvos,10.0,uM,1.99949616474524,1.77,0.0795546925566346,10.431,0.473,17.035,2.0,1.0,0.0,,,0.0,,,,0.0191283454189066,0.0
20160120,MW1092-5,C2,5,Dichlorvos,0.0,uM,0.344453354304542,0.54,0.0752816326530621,18.387,0.461,96.875,1.0,1.0,0.0,,,0.0,,,,0.0,0.0
20160120,MW1092-5,C3,5,Dichlorvos,0.01,uM,1.3705910081763,0.54,0.120454444444448,3.748,0.578,47.967,2.0,1.0,0.0,,,0.0,,,,0.0178536536707529,0.0
20160120,MW1092-5,C4,5,Dichlorvos,0.03,uM,1.51726146871888,1.395,0.0987818463375364,45.262,1.2065,26.54,4.0,2.0,0.0,,,0.0,,,,0.005505256231716,2.75828658673205e-05
20160120,MW1092-5,C5,5,Dichlorvos,0.1,uM,0.178893516267843,0.96,0.0223288888888884,81.366,0.187,67.969,1.0,1.0,0.0,,,0.0,,,,0.0,0.0
20160120,MW1092-5,C6,5,Dichlorvos,0.3,uM,0.268155084426332,0.48,0.0960762790697667,19.76,0.636,69.379,3.0,1.0,0.0,,,0.0,,,,0.066932416622876,0.0
20160120,MW1092-5,C7,5,Dichlorvos,1.0,uM,0.323341697105232,0.24,,0.0,,,1.0,0.0,0.0,,,0.0,,,,0.0,0.0
20160120,MW1092-5,C8,5,Dichlorvos,3.0,uM,0.0,0.0,,0.0,,,0.0,0.0,0.0,,,0.0,,,,0.0,0.0
20160120,MW1092-5,D1,5,Tebupirimfos,100.0,uM,0.0,0.0,,0.0,,,0.0,0.0,0.0,,,0.0,,,,0.0,0.0
20160120,MW1092-5,D2,5,Tebupirimfos,0.0,uM,0.172226677152271,0.0,,0.0,,,1.0,0.0,0.0,,,0.0,,,,0.0,0.0
20160120,MW1092-5,D3,5,Tebupirimfos,0.1,uM,0.315008148210767,0.42,0.0694792452830173,15.439,0.307,68.427,2.0,1.0,0.0,,,0.0,,,,-0.0027635045611913,0.0
20160120,MW1092-5,D4,5,Tebupirimfos,0.3,uM,0.39945477700801,0.57,0.0494400000000014,19.237,0.324,55.656,2.0,1.0,0.0,,,0.0,,,,0.0143341871298064,0.0
20160120,MW1092-5,D5,5,Tebupirimfos,1.0,uM,0.235561648750203,0.0,,0.0,,,1.0,0.0,0.0,,,0.0,,,,0.0,0.0
20160120,MW1092-5,D6,5,Tebupirimfos,3.0,uM,1.79337972208881,0.18,,0.0,,,1.0,0.0,0.0,,,0.0,,,,0.0,0.0
20160120,MW1092-5,D7,5,Tebupirimfos,10.0,uM,1.53170628680262,1.32,0.172118811881188,12.612,0.915,21.396,2.0,1.0,0.0,,,0.0,,,,-3.86217738780629e-05,9.9766085547015e-07
20160120,MW1092-5,D8,5,Tebupirimfos,30.0,uM,0.0,0.0,,0.0,,,0.0,0.0,0.0,,,0.0,,,,0.0,0.0
20160120,MW1092-5,E1,5,Phosmet,100.0,uM,0.0,0.0,,0.0,,,0.0,0.0,0.0,,,0.0,,,,0.0,0.0
20160120,MW1092-5,E2,5,Phosmet,0.0,uM,0.529735924724808,0.48,0.0770438554216876,30.346,0.474,31.417,4.0,1.0,0.0,,,0.0,,,,0.0133671870309787,1.55804792930786e-05
20160120,MW1092-5,E3,5,Phosmet,0.1,uM,0.0,0.0,,0.0,,,0.0,0.0,0.0,,,0.0,,,,0.0,0.0
20160120,MW1092-5,E4,5,Phosmet,0.3,uM,0.156670719215937,0.02,,0.0,,,3.0,0.0,0.0,,,0.0,,,,0.0005063839391758,0.0
20160120,MW1092-5,E5,5,Phosmet,1.0,uM,0.582237282759936,0.0,,0.0,,,1.0,0.0,0.0,,,0.0,,,,0.0,0.0
20160120,MW1092-5,E6,5,Phosmet,3.0,uM,0.101113726586172,0.0,,0.0,,,1.0,0.0,0.0,,,0.0,,,,0.0,0.0
20160120,MW1092-5,E7,5,Phosmet,10.0,uM,0.421122004133618,0.62,0.100041169590644,30.06,0.611,31.398,3.0,1.0,0.0,,,0.0,,,,0.0052195867587853,2.92031232286549e-07
20160120,MW1092-5,E8,5,Phosmet,30.0,uM,0.462234178679644,0.0,,0.0,,,2.0,0.0,0.0,,,0.0,,,,0.0003882457270152,2.66741422799005e-06
20160120,MW1092-5,F1,5,Omethoate,100.0,uM,0.145559320689984,0.0,,0.0,,,1.0,0.0,0.0,,,0.0,,,,0.0,0.0
20160120,MW1092-5,F2,5,Omethoate,0.0,uM,0.358898172388281,0.0,,0.0,,,1.0,0.0,0.0,,,0.0,,,,0.0,0.0
20160120,MW1092-5,F3,5,Omethoate,0.1,uM,2.0078297136397,4.56,0.132502438057483,36.102,0.998,5.734,2.0,1.0,0.0,,,0.0,,,,-0.0032148006978925,2.91678370942239e-07
20160120,MW1092-5,F4,5,Omethoate,0.3,uM,0.223339110371655,0.0,,0.0,,,1.0,0.0,0.0,,,0.0,,,,0.0,0.0
20160120,MW1092-5,F5,5,Omethoate,1.0,uM,0.0,0.0,,0.0,,,0.0,0.0,0.0,,,0.0,,,,0.0,0.0
20160120,MW1092-5,F6,5,Omethoate,3.0,uM,0.700295892098187,0.27,0.115831111111111,3.97,0.625,48.524,4.0,1.0,1.0,6.0,0.0875,0.30188679245283,,,8.0,0.0029213474188189,6.73058203631838e-06
20160120,MW1092-5,F7,5,Omethoate,10.0,uM,0.400010346934307,0.0,,0.0,,,3.0,0.0,0.0,,,0.0,,,,0.0003031365219262,1.22166968349463e-05
20160120,MW1092-5,F8,5,Omethoate,30.0,uM,0.217227841182381,0.0,,0.0,,,2.0,0.0,0.0,,,0.0,,,,0.0045971213105972,0.0
20160120,MW1092-5,A1,7,Malaoxon,100.0,uM,0.791731176561984,2.14909090909091,0.0391827930324054,64.3588,0.4212,35.6044,11.0,10.0,22.0,11.5454545454545,0.257727272727273,9.03136415165638,39.6761904761905,0.0842272223688696,32.5909090909091,0.131673350280533,0.0017196289869382
20160120,MW1092-5,A2,7,Malaoxon,0.0,uM,0.457267347810567,1.416,0.0282028334802212,75.2691666666667,0.311583333333333,35.2089166666667,15.0,12.0,27.0,13.6296296296296,0.184577254021698,17.4459851660755,32.4615384615385,0.0378252516193442,40.0740740740741,0.239747312948607,0.002171829269518
20160120,MW1092-5,A3,7,Malaoxon,0.1,uM,1.67216633090118,2.90769230769231,0.0356685251738393,60.8114166666667,0.577583333333333,28.223,13.0,12.0,33.0,13.4848484848485,0.248477633477633,10.0593818200274,27.009375,0.0641353735424867,60.0606060606061,0.167353397958633,0.0046167569416258
20160120,MW1092-5,A4,7,Malaoxon,0.3,uM,1.29002281907031,2.49230769230769,0.0331843311486407,64.8291818181818,0.526181818181818,27.7192727272727,13.0,11.0,30.0,13.2,0.233079365079365,10.3639240506329,28.6775862068966,0.0502535226667629,52.4,0.192504150426056,0.0038269129250253
20160120,MW1092-5,A5,7,Malaoxon,1.0,uM,1.0854038149721,1.97076923076923,0.0257164763729314,68.2974545454545,0.431636363636364,30.4360909090909,13.0,11.0,35.0,13.4857142857143,0.232459183673469,16.3786331500393,25.25,0.0529886917972219,59.5714285714286,0.279564442042201,0.0050269084635372
20160120,MW1092-5,A6,7,Malaoxon,3.0,uM,0.547718021856564,1.66875,0.0343290185470487,68.6683076923077,0.339692307692308,40.2786153846154,16.0,13.0,29.0,13.7586206896552,0.17489771483306,17.9028781539242,29.8035714285714,0.0445254331789885,48.6896551724138,0.198056095063724,0.0027307671597229
20160120,MW1092-5,A7,7,Malaoxon,10.0,uM,0.878904435731797,1.84714285714286,0.030760612429062,70.9768333333333,0.37075,29.1860833333333,14.0,12.0,31.0,14.258064516129,0.190260176651306,14.5786692934539,29.0766666666667,0.0481138500572299,52.5161290322581,0.215698235288263,0.0036118165352796
20160120,MW1092-5,A8,7,Malaoxon,30.0,uM,0.551985072644594,1.84,0.0301279009725057,67.3367142857143,0.253571428571429,37.1367142857143,9.0,7.0,28.0,8.57142857142857,0.187455357142857,14.163372859025,31.612962962963,0.0500176588268377,23.0357142857143,0.15604113320449,0.0017962312079724
20160120,MW1092-5,B1,7,Fosthiazate,100.0,uM,0.548565259065471,2.298,0.0390893195974395,66.8948888888889,0.333666666666667,34.2592222222222,10.0,9.0,22.0,11.9545454545455,0.141310876623377,15.2780526419949,38.4738095238095,0.0247316891630455,35.0909090909091,0.185568312196118,0.0013224368340859
20160120,MW1092-5,B2,7,Fosthiazate,0.0,uM,0.432330879776128,1.43454545454545,0.0310902039528743,85.66575,0.396125,34.680625,11.0,8.0,28.0,11.8928571428571,0.174092261904762,20.6020066889632,30.8018518518519,0.0502162970447104,33.0,0.234648549856568,0.0033977254992348
20160120,MW1092-5,B3,7,Fosthiazate,0.1,uM,0.926683058660327,2.09538461538462,0.0307735175531775,65.7926923076923,0.315076923076923,32.8033076923077,13.0,13.0,29.0,14.0344827586207,0.180375615763547,14.4249157635917,29.8375,0.0504773210356195,54.6206896551724,0.262417800029023,0.0035806251480943
20160120,MW1092-5,B4,7,Fosthiazate,0.3,uM,1.21413258776755,2.358,0.0403476695461852,63.1546,0.6311,32.0742,10.0,10.0,29.0,13.448275862069,0.187190065681445,12.2298318954016,31.1517857142857,0.0518830006039344,47.4137931034483,0.18959098485824,0.0032719152748214
20160120,MW1092-5,B5,7,Fosthiazate,1.0,uM,0.302142096694729,1.24615384615385,0.0277168191119259,81.3102,0.2528,42.5726,13.0,10.0,25.0,13.48,0.16607766955267,25.7504819608923,36.44375,0.0372878355329389,37.4,0.249014748725977,0.0018020711543856
20160120,MW1092-5,B6,7,Fosthiazate,3.0,uM,0.561861790562636,1.468,0.0411961924539052,64.24075,0.37025,40.8895,15.0,12.0,29.0,13.0689655172414,0.176871579091407,18.1291935271675,31.0375,0.0504043844510965,47.5172413793103,0.188516470435948,0.0031353217349511
20160120,MW1092-5,B7,7,Fosthiazate,10.0,uM,0.627868249148839,1.62,0.0265333487947003,72.6954615384615,0.334461538461538,39.8729230769231,14.0,13.0,29.0,13.9310344827586,0.221119663382594,22.2166310227702,30.0964285714286,0.0455652834706916,60.8965517241379,0.288465838063181,0.0049509867947519
20160120,MW1092-5,B8,7,Fosthiazate,30.0,uM,0.749902153824766,2.244,0.043251996993308,63.217125,0.389,44.465875,10.0,8.0,29.0,10.3793103448276,0.151904761904762,12.5163922482879,29.9428571428571,0.0501585017077844,29.6206896551724,0.182258979543557,0.001464839392146
20160120,MW1092-5,C1,7,Dichlorvos,10.0,uM,0.465934167783649,1.32,0.0307437521709808,55.8532,0.2366,55.049,6.0,5.0,21.0,11.1428571428571,0.0899387583316156,20.0141193081539,41.755,0.0145343658201653,27.0,0.264603577767813,0.0
20160120,MW1092-5,C2,7,Dichlorvos,0.0,uM,0.213337107029715,1.134,0.0218508593456067,82.9971666666667,0.160333333333333,37.4056666666667,10.0,6.0,22.0,10.7727272727273,0.126364989177489,24.4530870199319,39.852380952381,0.0313407495953424,22.8636363636364,0.306707347858469,0.0
20160120,MW1092-5,C3,7,Dichlorvos,0.01,uM,0.374365596470414,1.48153846153846,0.0212492245328132,82.4874166666667,0.205416666666667,37.6843333333333,13.0,12.0,23.0,13.3478260869565,0.184646739130435,22.3598288673722,38.0227272727273,0.0246276288775484,43.1739130434783,0.35753136728944,0.0029213966000404
20160120,MW1092-5,C4,7,Dichlorvos,0.03,uM,0.586847987526453,1.30153846153846,0.0245196622178776,73.8255555555556,0.398,36.1161111111111,13.0,9.0,24.0,13.0,0.178125,19.448056639214,37.7347826086957,0.0366450436279362,56.0833333333333,0.210329149949508,0.0034530669482312
20160120,MW1092-5,C5,7,Dichlorvos,0.1,uM,0.215559368561275,0.9,0.0191056266569255,72.1698,0.1398,59.6062,6.0,5.0,18.0,8.72222222222222,0.110322971781305,28.8856304985337,47.8029411764706,0.0228850861272129,21.8888888888889,0.247041584165274,0.0
20160120,MW1092-5,C6,7,Dichlorvos,0.3,uM,0.51991660415445,1.265,0.0190160660946854,72.8367272727273,0.292909090909091,45.9324545454545,12.0,11.0,22.0,13.9090909090909,0.17279011707989,20.7304347826087,40.6880952380952,0.0290155401805003,54.1818181818182,0.310701014744385,0.0033549591838625
20160120,MW1092-5,C7,7,Dichlorvos,1.0,uM,0.326811336484974,0.9075,0.0251325490043448,70.0754,0.2842,49.6774,8.0,5.0,21.0,9.09523809523809,0.126894841269841,27.6742301458671,43.785,0.0288947132679578,32.5238095238095,0.286780730620286,0.0013724404213302
20160120,MW1092-5,C8,7,Dichlorvos,3.0,uM,0.229880609542436,0.953333333333333,0.0287311664093547,69.199,0.220833333333333,49.3411666666667,9.0,6.0,22.0,12.0909090909091,0.131858520267611,29.5160517489219,40.7904761904762,0.0239636029603019,28.0,0.295220211168903,0.0005340601772956
20160120,MW1092-5,D1,7,Tebupirimfos,100.0,uM,0.0,0.0,,0.0,,,0.0,0.0,0.0,,,0.0,,,,0.0,0.0
20160120,MW1092-5,D2,7,Tebupirimfos,0.0,uM,0.211559297804468,1.068,0.0325859531671802,66.761,0.19025,45.86175,5.0,4.0,19.0,9.73684210526316,0.103545843776107,21.3859910581222,45.4305555555556,0.0297709519824281,15.1052631578947,0.186861803580565,0.0
20160120,MW1092-5,D3,7,Tebupirimfos,0.1,uM,0.28889399910274,1.24666666666667,0.028047566322142,79.2874285714286,0.251,41.7987142857143,9.0,7.0,22.0,12.0454545454545,0.121627066115703,27.0849571317225,40.8714285714286,0.0260899151825144,31.5909090909091,0.280123236737204,0.0016915589724827
20160120,MW1092-5,D4,7,Tebupirimfos,0.3,uM,0.363339760409984,1.224,0.0416383499867732,71.7135,0.410375,45.004625,10.0,8.0,21.0,11.5714285714286,0.137292139077853,20.7524985302763,42.625,0.0374813072106802,33.6190476190476,0.202666496233743,0.0011449043136702
20160120,MW1092-5,D5,7,Tebupirimfos,1.0,uM,0.376269282048149,0.905454545454545,0.0329924643254548,60.5864444444444,0.269222222222222,57.0331111111111,11.0,9.0,16.0,12.0,0.114316733613609,13.9558748075936,51.72,0.0307711124653477,34.0,0.192692799996924,1.2499870523805e-05
20160120,MW1092-5,D6,7,Tebupirimfos,3.0,uM,0.224704829479616,0.973846153846154,0.0352873236515716,70.3257,0.245,55.3212,13.0,10.0,19.0,13.4736842105263,0.144971519708362,24.3694362017804,47.1333333333333,0.033368958627293,34.5789473684211,0.216091313782433,0.0002461862430897
20160120,MW1092-5,D7,7,Tebupirimfos,10.0,uM,0.440563348631678,1.3,0.0419149332949632,62.5813333333333,0.387333333333333,49.733,6.0,6.0,17.0,9.47058823529412,0.170324516170104,12.1200750469043,49.5625,0.0292673876265966,19.0,0.190386008067727,0.0005984593697764
20160120,MW1092-5,D8,7,Tebupirimfos,30.0,uM,0.468190099944475,1.28181818181818,0.0241798831007656,62.9214444444444,0.207777777777778,40.4551111111111,11.0,9.0,24.0,12.375,0.151647013287638,17.144651454888,37.4108695652174,0.0320649762801412,34.125,0.185948253664011,0.0007944544735992
20160120,MW1092-5,E1,7,Phosmet,100.0,uM,0.0,0.0,,0.0,,,0.0,0.0,0.0,,,0.0,,,,0.0,0.0
20160120,MW1092-5,E2,7,Phosmet,0.0,uM,0.506453403042418,1.5,0.0336211772864435,59.783,0.2298,43.7406,10.0,10.0,23.0,11.2608695652174,0.168219932241671,15.2676659528908,37.6068181818182,0.0345530143052683,31.0,0.188453181780815,0.0017125928128053
20160120,MW1092-5,E3,7,Phosmet,0.1,uM,0.231115199282192,1.065,0.0257577107978721,80.3236666666667,0.197333333333333,39.8326666666667,4.0,3.0,12.0,7.5,0.112366071428571,14.985862393968,69.6636363636364,0.0340097085111107,13.25,0.210176425712432,0.0
20160120,MW1092-5,E4,7,Phosmet,0.3,uM,0.649147285163336,1.38666666666667,0.0366403210306161,55.264,0.340833333333333,52.3511666666667,9.0,6.0,18.0,9.5,0.137456459435626,6.42458100558659,48.8088235294118,0.0251009092773811,19.1666666666667,0.153777084740128,0.0002570344594704
20160120,MW1092-5,E5,7,Phosmet,1.0,uM,0.495665333425575,1.04727272727273,0.0363743486214243,54.883,0.27125,48.911,11.0,8.0,19.0,11.3684210526316,0.133735997189945,10.1971037811746,48.3333333333333,0.0396569912144716,26.6842105263158,0.143077233728178,0.0006549175376743
20160120,MW1092-5,E6,7,Phosmet,3.0,uM,0.638715001862403,1.29,0.0270533218459258,56.7546666666667,0.334833333333333,47.8618333333333,6.0,6.0,20.0,8.2,0.178555555555556,15.0210970464135,45.8842105263158,0.070043199447369,26.7,0.213499739287979,0.0014512760091892
20160120,MW1092-5,E7,7,Phosmet,10.0,uM,1.01335125839115,2.0925,0.0414202346554327,42.004125,0.274125,38.40675,8.0,8.0,19.0,8.73684210526316,0.14202798663325,5.83814253120387,46.1722222222222,0.0279153303526168,22.8947368421053,0.116156647691284,0.0004471335251714
20160120,MW1092-5,E8,7,Phosmet,30.0,uM,0.763505569057241,0.548571428571428,0.142125455951871,11.758,0.6325,41.7125,7.0,2.0,0.0,,,0.0,,,,-0.0006362624258225,7.58972868537822e-06
20160120,MW1092-5,F1,7,Omethoate,100.0,uM,0.356672975815306,0.06,,0.0,,,2.0,0.0,0.0,,,0.0,,,,0.0032471687491196,0.0
20160120,MW1092-5,F2,7,Omethoate,0.0,uM,0.618899836539331,1.38857142857143,0.0476278350939374,60.8486666666667,0.443833333333333,37.3801666666667,7.0,6.0,18.0,9.33333333333333,0.142745811287478,9.79581915410792,49.45,0.0445884214692666,22.3888888888889,0.127911220388627,0.0006324479377065
20160120,MW1092-5,F3,7,Omethoate,0.1,uM,0.469545342772434,1.04,0.0457459248749987,47.30325,0.26025,42.328125,12.0,8.0,20.0,10.05,0.145803075396825,8.13323005422153,43.3631578947368,0.0348126820926171,21.0,0.0858574242003635,0.0002333806837459
20160120,MW1092-5,F4,7,Omethoate,0.3,uM,0.292042202939116,1.25,0.0328772928920919,76.8547777777778,0.240111111111111,39.8831111111111,12.0,9.0,26.0,12.3846153846154,0.1380156995782,23.3220962304628,33.138,0.0286357802821586,29.2692307692308,0.219258840298173,0.0012982442006211
20160120,MW1092-5,F5,7,Omethoate,1.0,uM,0.24055981079132,0.8475,0.0227674481317553,76.6482,0.2012,52.7458,8.0,5.0,23.0,11.0434782608696,0.0967728527511136,37.4429223744292,40.0045454545455,0.0184175467412694,32.0869565217391,0.321339319355092,3.75725670998355e-05
20160120,MW1092-5,F6,7,Omethoate,3.0,uM,0.729568460810996,2.73,0.0367082328933178,65.9611,0.3278,32.5005,10.0,10.0,25.0,11.32,0.179707215007215,10.3468634686347,36.3104166666667,0.0314316164826725,28.04,0.170187742519903,0.00092446277249
20160120,MW1092-5,F7,7,Omethoate,10.0,uM,0.937099909589512,1.875,0.0842127203717123,30.52975,0.535125,45.243875,8.0,8.0,17.0,10.1176470588235,0.132738095238095,4.31654676258993,54.153125,0.0272371596341769,17.6470588235294,0.0401676189009562,0.0001457684419828
20160120,MW1092-5,F8,7,Omethoate,30.0,uM,0.507342307655042,0.876,0.0359146947757532,51.2552,0.2936,51.5684,10.0,5.0,16.0,10.5625,0.167977543290043,4.84348561759729,57.8666666666667,0.0470445803587927,14.3125,0.0720084435192724,0.0001233020789928
20160120,MW1092-6,A1,5,Malaoxon,30.0,uM,0.438341165028815,0.645,0.0484298947100117,35.2763333333333,0.252333333333333,63.2806666666667,8.0,3.0,14.0,9.42857142857143,0.108580640589569,6.14324243332334,63.4153846153846,0.017346151091688,14.6428571428571,0.0564398534265247,1.88247165108027e-05
20160120,MW1092-6,A2,5,Malaoxon,100.0,uM,0.0850015186938007,0.0,,0.0,,,2.0,0.0,0.0,,,0.0,,,,0.0776490502697649,0.0
20160120,MW1092-6,A3,5,Malaoxon,0.0,uM,0.390284750865327,0.45,0.0799513962989666,25.9035,0.4365,79.072,4.0,2.0,1.0,5.0,0.0625,0.611995104039168,,,10.0,0.0282153076788622,3.5351054729349e-08
20160120,MW1092-6,A4,5,Malaoxon,0.1,uM,0.579639985864044,0.4,0.0477476470588239,56.705,0.541,76.669,3.0,1.0,1.0,7.0,0.0700000000000003,0.792682926829268,,,13.0,0.0211629444334797,7.71431271746892e-06
20160120,MW1092-6,A5,5,Malaoxon,0.3,uM,0.187225567319025,0.6,0.0695383783783755,48.936,0.286,49.303,2.0,1.0,0.0,,,0.0,,,,-0.0018568994748992,0.0
20160120,MW1092-6,A6,5,Malaoxon,1.0,uM,0.241115419039931,0.06,,0.0,,,1.0,0.0,0.0,,,0.0,,,,0.0,0.0
20160120,MW1092-6,A7,5,Malaoxon,3.0,uM,0.250560032228131,0.6,0.0141433251433251,68.128,0.1605,68.8065,4.0,2.0,14.0,10.5714285714286,0.0864831993403421,25.0,61.0807692307692,0.0138954284665366,22.7857142857143,0.20638464696059,0.0
20160120,MW1092-6,A8,5,Malaoxon,10.0,uM,0.200559138878837,0.09,,0.0,,,2.0,0.0,0.0,,,0.0,,,,-0.0019681137077768,0.0
20160120,MW1092-6,B1,5,Fosthiazate,30.0,uM,0.0,0.0,,0.0,,,0.0,0.0,0.0,,,0.0,,,,0.0,0.0
20160120,MW1092-6,B2,5,Fosthiazate,100.0,uM,0.527787207575886,0.0,,0.0,,,1.0,0.0,0.0,,,0.0,,,,0.0,0.0
20160120,MW1092-6,B3,5,Fosthiazate,0.0,uM,0.351117384408379,0.48,,0.0,,,1.0,0.0,0.0,,,0.0,,,,0.0,0.0
20160120,MW1092-6,B4,5,Fosthiazate,0.1,uM,0.151113811011201,0.0,,0.0,,,1.0,0.0,0.0,,,0.0,,,,0.0,0.0
20160120,MW1092-6,B5,5,Fosthiazate,0.3,uM,0.218892799773578,0.21,,0.0,,,2.0,0.0,0.0,,,0.0,,,,-0.0018199018521517,0.0
20160120,MW1092-6,B6,5,Fosthiazate,1.0,uM,0.893349294507395,0.18,,0.0,,,1.0,0.0,1.0,5.0,0.1,1.2909632571996,,,13.0,0.0,0.0
20160120,MW1092-6,B7,5,Fosthiazate,3.0,uM,0.612788726269687,0.54,0.0319900669181764,39.2383333333333,0.203,83.7813333333333,4.0,3.0,4.0,6.25,0.125520833333333,1.82291666666667,193.933333333333,0.0304943357673009,10.5,0.0536157858709271,5.23844118888867e-06
20160120,MW1092-6,B8,5,Fosthiazate,10.0,uM,3.14450062618897,1.92,0.0306617085427138,15.088,0.421,31.374,1.0,1.0,0.0,,,0.0,,,,0.0,0.0
20160120,MW1092-6,C1,5,Dichlorvos,3.0,uM,0.0833348222488242,0.0,,0.0,,,1.0,0.0,0.0,,,0.0,,,,0.0,0.0
20160120,MW1092-6,C2,5,Dichlorvos,10.0,uM,0.243337680966567,0.03,,0.0,,,2.0,0.0,0.0,,,0.0,,,,0.0084585089882163,0.0
20160120,MW1092-6,C3,5,Dichlorvos,0.0,uM,0.137780239451389,0.0,,0.0,,,1.0,0.0,0.0,,,0.0,,,,0.0,0.0
20160120,MW1092-6,C4,5,Dichlorvos,0.01,uM,0.217226103328602,0.0,,0.0,,,2.0,0.0,0.0,,,0.0,,,,0.0029878688678023,0.0
20160120,MW1092-6,C5,5,Dichlorvos,0.03,uM,1.25446685758563,0.38,0.0739930097087379,4.092,0.508,61.27,3.0,1.0,0.0,,,0.0,,,,0.0023841473034652,5.3472681005306605e-09
20160120,MW1092-6,C6,5,Dichlorvos,0.1,uM,0.0,0.0,,0.0,,,0.0,0.0,0.0,,,0.0,,,,0.0,0.0
20160120,MW1092-6,C7,5,Dichlorvos,0.3,uM,0.0,0.0,,0.0,,,0.0,0.0,0.0,,,0.0,,,,0.0,0.0
20160120,MW1092-6,C8,5,Dichlorvos,1.0,uM,0.296671967205814,0.0,,0.0,,,1.0,0.0,0.0,,,0.0,,,,0.0,0.0
20160120,MW1092-6,D1,5,Tebupirimfos,30.0,uM,0.405192424623172,0.08,,0.0,,,3.0,0.0,0.0,,,0.0,,,,0.0143362252471344,3.24484585108309e-06
20160120,MW1092-6,D2,5,Tebupirimfos,100.0,uM,0.0,0.0,,0.0,,,0.0,0.0,0.0,,,0.0,,,,0.0,0.0
20160120,MW1092-6,D3,5,Tebupirimfos,0.0,uM,0.0,0.0,,0.0,,,0.0,0.0,0.0,,,0.0,,,,0.0,0.0
20160120,MW1092-6,D4,5,Tebupirimfos,0.1,uM,0.767421118664728,0.02,,0.0,,,3.0,0.0,0.0,,,0.0,,,,0.0055661483410558,2.11099964730899e-08
20160120,MW1092-6,D5,5,Tebupirimfos,0.3,uM,0.193614570358102,0.03,,0.0,,,4.0,0.0,0.0,,,0.0,,,,0.0077554807824526,0.0
20160120,MW1092-6,D6,5,Tebupirimfos,1.0,uM,0.0,0.0,,0.0,,,0.0,0.0,0.0,,,0.0,,,,0.0,0.0
20160120,MW1092-6,D7,5,Tebupirimfos,3.0,uM,0.358895301151603,0.0,,0.0,,,1.0,0.0,0.0,,,0.0,,,,0.0,0.0
20160120,MW1092-6,D8,5,Tebupirimfos,10.0,uM,0.0,0.0,,0.0,,,0.0,0.0,0.0,,,0.0,,,,0.0,0.0
20160120,MW1092-6,E1,5,Phosmet,30.0,uM,0.0,0.0,,0.0,,,0.0,0.0,0.0,,,0.0,,,,0.0,0.0
20160120,MW1092-6,E2,5,Phosmet,100.0,uM,0.0,0.0,,0.0,,,0.0,0.0,0.0,,,0.0,,,,0.0,0.0
20160120,MW1092-6,E3,5,Phosmet,0.0,uM,0.181114347020778,0.0,,0.0,,,2.0,0.0,0.0,,,0.0,,,,-0.0015343747109687,0.0
20160120,MW1092-6,E4,5,Phosmet,0.1,uM,3.26339163926395,0.78,0.129044705882352,2.724,0.731,74.412,1.0,1.0,0.0,,,0.0,,,,0.0,0.0
20160120,MW1092-6,E5,5,Phosmet,0.3,uM,0.0,0.0,,0.0,,,0.0,0.0,0.0,,,0.0,,,,0.0,0.0
20160120,MW1092-6,E6,5,Phosmet,1.0,uM,0.94335018785669,3.0,0.0657879858657232,38.634,0.414,19.627,1.0,1.0,0.0,,,0.0,,,,0.0,0.0
20160120,MW1092-6,E7,5,Phosmet,3.0,uM,0.136669108488072,0.0,,0.0,,,1.0,0.0,0.0,,,0.0,,,,0.0,0.0
20160120,MW1092-6,E8,5,Phosmet,10.0,uM,0.950387350624368,1.8,0.0772541910331366,43.942,0.417,32.825,3.0,2.0,0.0,,,0.0,,,,0.003250066490469,3.22318841144975e-06
20160120,MW1092-6,F1,5,Omethoate,30.0,uM,0.0,0.0,,0.0,,,0.0,0.0,0.0,,,0.0,,,,0.0,0.0
20160120,MW1092-6,F2,5,Omethoate,100.0,uM,0.0,0.0,,0.0,,,0.0,0.0,0.0,,,0.0,,,,0.0,0.0
20160120,MW1092-6,F3,5,Omethoate,0.0,uM,0.120002144038307,0.0,,0.0,,,1.0,0.0,0.0,,,0.0,,,,0.0,0.0
20160120,MW1092-6,F4,5,Omethoate,0.1,uM,0.536676255282428,0.0,,0.0,,,1.0,0.0,0.0,,,0.0,,,,0.0,0.0
20160120,MW1092-6,F5,5,Omethoate,0.3,uM,0.163336251607695,0.0,,0.0,,,2.0,0.0,0.0,,,0.0,,,,0.0051809385389226,0.0
20160120,MW1092-6,F6,5,Omethoate,1.0,uM,0.0,0.0,,0.0,,,0.0,0.0,0.0,,,0.0,,,,0.0,0.0
20160120,MW1092-6,F7,5,Omethoate,3.0,uM,0.45500812947858,0.21,,0.0,,,2.0,0.0,0.0,,,0.0,,,,-0.0014744260039197,0.0
20160120,MW1092-6,F8,5,Omethoate,10.0,uM,0.12778006078153,0.36,,0.0,,,1.0,0.0,0.0,,,0.0,,,,0.0,0.0
20160120,MW1092-6,A1,7,Malaoxon,30.0,uM,0.819358479551553,1.84,0.0378348896407538,60.5201818181818,0.409454545454545,36.8092727272727,12.0,11.0,23.0,13.0434782608696,0.232151915113872,9.57824639289678,40.1181818181818,0.0395675800224061,37.5217391304348,0.137937118704388,0.0017728028587481
20160120,MW1092-6,A2,7,Malaoxon,100.0,uM,0.503842459364055,1.46727272727273,0.0345451490865702,65.9686666666667,0.302444444444444,34.0943333333333,11.0,9.0,25.0,13.44,0.149167171717172,17.3658536585366,34.9395833333333,0.0241237019573145,35.6,0.195386570296635,0.0012220516960206
20160120,MW1092-6,A3,7,Malaoxon,0.0,uM,0.436485012160247,1.44,0.0505305357140235,57.5586,0.4144,47.885,6.0,5.0,22.0,8.54545454545454,0.111554383116883,17.6705225368967,41.9571428571429,0.0193241249076929,20.1363636363636,0.160996223515362,0.000989547989284
20160120,MW1092-6,A4,7,Malaoxon,0.1,uM,0.629197008696612,1.82181818181818,0.0273254289680668,76.1150909090909,0.390272727272727,37.7593636363636,11.0,11.0,26.0,11.8846153846154,0.207177579365079,20.3821656050955,33.79,0.0538311637997441,49.2307692307692,0.302813182670296,0.0038550036627083
20160120,MW1092-6,A5,7,Malaoxon,0.3,uM,0.807149386084558,2.19428571428571,0.039453475421724,54.9083333333333,0.302666666666667,32.588,7.0,6.0,43.0,9.18604651162791,0.112386950904393,14.9208741522231,20.5309523809524,0.0258248816267083,18.4186046511628,0.166414350832181,0.0010460116648226
20160120,MW1092-6,A6,7,Malaoxon,1.0,uM,0.805562071657646,1.4625,0.0278837200536071,72.6835714285714,0.361714285714286,37.4764285714286,8.0,7.0,25.0,10.76,0.162750396825397,13.7948290241868,36.0520833333333,0.0417117285620563,33.08,0.257514839328392,0.0027842064857203
20160120,MW1092-6,A7,7,Malaoxon,3.0,uM,0.526448702829507,1.448,0.0215799601589057,76.0359166666667,0.2825,45.1043333333333,15.0,12.0,26.0,15.5,0.164984529359529,28.2329988851728,34.182,0.0425218668431275,77.9230769230769,0.310566236474435,0.0053844844148308
20160120,MW1092-6,A8,7,Malaoxon,10.0,uM,0.680931433904636,1.99,0.0543812933064756,73.3208,0.5076,30.34,6.0,5.0,21.0,7.19047619047619,0.170833333333333,12.9517277763123,42.585,0.0539178580496912,23.3809523809524,0.148164192892515,0.0019285689593892
20160120,MW1092-6,B1,7,Fosthiazate,30.0,uM,0.69037595474476,1.24666666666667,0.0300434123052489,50.0958,0.3892,43.5258,9.0,5.0,20.0,10.1,0.133224747474747,8.40306834030683,42.2815789473684,0.0379615560829333,24.1,0.112083469951673,0.0007067766599199
20160120,MW1092-6,B2,7,Fosthiazate,100.0,uM,0.320126046254142,1.36666666666667,0.0563415185683184,56.0722857142857,0.313,44.7767142857143,9.0,7.0,16.0,9.3125,0.132078993055556,10.5321920357276,48.6233333333333,0.0387023697919193,17.6875,0.120674829718891,0.000164657210344
20160120,MW1092-6,B3,7,Fosthiazate,0.0,uM,0.371114113011936,1.236,0.0235302844735141,70.6355,0.274,41.429,5.0,4.0,19.0,7.78947368421053,0.110952380952381,23.7186477644493,44.4861111111111,0.0318044972543732,22.8947368421053,0.313436815672137,0.0006953276701382
20160120,MW1092-6,B4,7,Fosthiazate,0.1,uM,0.70241308914884,1.81,0.0250750205724949,67.5256,0.2356,27.6291,12.0,10.0,33.0,11.7575757575758,0.167326539201539,16.2842242503259,26.0921875,0.0410826772407982,37.8484848484849,0.191574726216965,0.0022164940576803
20160120,MW1092-6,B5,7,Fosthiazate,0.3,uM,0.344262043956681,0.82,0.0503108324276061,61.3476666666667,0.336,40.2913333333333,12.0,6.0,20.0,10.55,0.138620535714286,11.6893305439331,43.428947368421,0.0328290423141211,22.35,0.0843491938360985,0.0007040705960828
20160120,MW1092-6,B6,7,Fosthiazate,1.0,uM,0.563337890110933,1.36,0.0206443991623908,91.694,0.509833333333333,31.6291666666667,9.0,6.0,30.0,9.83333333333333,0.186003968253968,29.2682926829268,30.4775862068966,0.0759764329947448,45.6,0.377373957113181,0.0052973451979049
20160120,MW1092-6,B7,7,Fosthiazate,3.0,uM,0.39852174211661,1.335,0.0336848668404666,76.581,0.2928,37.8099,12.0,10.0,26.0,12.2307692307692,0.17066163003663,25.4264271093928,33.236,0.0310181767577865,43.0,0.265198683529471,0.0038444674615811
20160120,MW1092-6,B8,7,Fosthiazate,10.0,uM,0.608477144126232,2.175,0.0361550473548844,72.1658333333333,0.290166666666667,36.0206666666667,8.0,6.0,16.0,8.0,0.154693080357143,6.51980418335559,55.26,0.0431669874838557,18.3125,0.0965157476439556,0.0002990562651047
20160120,MW1092-6,C1,7,Dichlorvos,3.0,uM,0.747413453151784,1.28,0.0537923051003454,18.6623333333333,0.268333333333333,65.5633333333333,3.0,3.0,2.0,7.5,0.0780357142857142,1.07758620689655,683.5,0.013384521215317,12.5,0.0469615553200167,5.87612700084228e-05
20160120,MW1092-6,C2,7,Dichlorvos,10.0,uM,0.702005678445932,2.052,0.0423160216036509,72.2426666666667,0.463,28.718,5.0,3.0,11.0,7.90909090909091,0.105097402597403,5.26628979470396,85.66,0.0270745966118519,16.0909090909091,0.0905589967212254,0.0004536442778292
20160120,MW1092-6,C3,7,Dichlorvos,0.0,uM,0.381619248491861,0.998181818181818,0.0302099558228394,56.096,0.254142857142857,48.556,11.0,7.0,24.0,9.54166666666667,0.14788318452381,14.2129393785023,35.095652173913,0.0376074667361735,23.25,0.118078398755907,0.0001974506692306
20160120,MW1092-6,C4,7,Dichlorvos,0.01,uM,0.243751971682615,0.84,0.0242166497409742,66.4212,0.22,57.9682,8.0,5.0,18.0,10.4444444444444,0.115691738816739,26.1904761904762,45.7588235294118,0.0344829830787906,27.5,0.230532497989902,0.0025749941266807
20160120,MW1092-6,C5,7,Dichlorvos,0.03,uM,0.521115326355084,1.61142857142857,0.033279270113199,65.9966666666667,0.3,34.5716666666667,7.0,6.0,23.0,10.304347826087,0.138373447204969,17.8787007760851,38.7886363636364,0.0491222417171449,27.0434782608696,0.253496818683223,0.0012939553037267
20160120,MW1092-6,C6,7,Dichlorvos,0.1,uM,0.132223291761738,0.7,0.0212478544220973,69.0595,0.1175,70.755,6.0,4.0,17.0,8.35294117647059,0.103732492997199,30.8807134894091,53.396875,0.02763846592543,16.2941176470588,0.212521726749945,0.0
20160120,MW1092-6,C7,7,Dichlorvos,0.3,uM,0.250619311182379,0.78,0.035797977135155,55.5516666666667,0.199666666666667,57.2291666666667,9.0,6.0,21.0,10.6190476190476,0.11698988181131,22.1567739012234,42.5875,0.0285515484003299,23.2857142857143,0.207903972952364,0.0002057461373281
20160120,MW1092-6,C8,7,Dichlorvos,1.0,uM,0.493337323884131,1.02,0.0430328857682244,69.233,0.294,34.5735,4.0,2.0,8.0,6.875,0.114739583333333,4.21155729676787,55.7142857142857,0.0455385201827696,10.75,0.0826258875232519,2.19028118305861e-05
20160120,MW1092-6,D1,7,Tebupirimfos,30.0,uM,0.431022005007626,1.655,0.0281412137111716,68.9273636363636,0.258636363636364,48.8371818181818,12.0,11.0,24.0,12.6666666666667,0.157446263227513,16.8123179359134,35.9239130434783,0.0316598109513052,33.6666666666667,0.206823453089045,0.0017356830206605
20160120,MW1092-6,D2,7,Tebupirimfos,100.0,uM,0.0,0.0,,0.0,,,0.0,0.0,0.0,,,0.0,,,,0.0,0.0
20160120,MW1092-6,D3,7,Tebupirimfos,0.0,uM,0.425876460740387,0.771428571428571,0.0272830179409526,57.37775,0.168,47.43925,7.0,4.0,20.0,11.0,0.0904810606060606,17.9661016949153,41.2210526315789,0.0144164737391879,26.5,0.145303815481829,0.0001565742341916
20160120,MW1092-6,D4,7,Tebupirimfos,0.1,uM,0.632644006275962,0.6675,0.0347662951183652,37.62675,0.37275,47.9395,8.0,4.0,17.0,11.7058823529412,0.0951418597742128,10.1763331208838,50.821875,0.0148749444928009,28.1764705882353,0.171097574057779,0.0002334633224932
20160120,MW1092-6,D5,7,Tebupirimfos,0.3,uM,0.416176205909261,1.45333333333333,0.0233727603361052,69.964,0.220625,39.44075,9.0,8.0,20.0,10.25,0.174221726190476,17.0942634765062,42.4105263157895,0.0330364143008453,29.65,0.277893949430014,0.0015712558474562
20160120,MW1092-6,D6,7,Tebupirimfos,1.0,uM,0.418336717212557,1.74,0.0384264637317542,77.8586666666667,0.288,33.0983333333333,4.0,3.0,18.0,8.77777777777778,0.0990492724867725,16.7145318782309,45.9382352941176,0.0196018093313204,16.1666666666667,0.220730958503525,0.0
20160120,MW1092-6,D7,7,Tebupirimfos,3.0,uM,0.331669349503183,0.93,0.0387228369275497,51.2246666666667,0.285666666666667,57.0493333333333,4.0,3.0,9.0,6.33333333333333,0.101388888888889,8.99390243902439,68.81875,0.0207330921743746,13.1111111111111,0.118680761697313,0.0
20160120,MW1092-6,D8,7,Tebupirimfos,10.0,uM,0.527559822928345,1.212,0.0265177368125516,61.643,0.321333333333333,48.1843333333333,10.0,6.0,19.0,13.0,0.116170696993065,17.8658043654002,46.0805555555556,0.0245068965276286,46.5263157894737,0.256995712771599,0.0019564121764229
20160120,MW1092-6,E1,7,Phosmet,30.0,uM,0.257039116197888,0.0,,0.0,,,3.0,0.0,0.0,,,0.0,,,,-0.0021659974814424,0.0
20160120,MW1092-6,E2,7,Phosmet,100.0,uM,0.0,0.0,,0.0,,,0.0,0.0,0.0,,,0.0,,,,0.0,0.0
20160120,MW1092-6,E3,7,Phosmet,0.0,uM,0.351484324599129,0.826666666666667,0.0320963191254622,64.3146,0.2844,47.6274,9.0,5.0,18.0,8.55555555555556,0.143541115520282,12.6223422207222,50.6,0.0405650453238547,20.7777777777778,0.115282870288979,0.0002503991738192
20160120,MW1092-6,E4,7,Phosmet,0.1,uM,0.388645119015827,0.76,0.0412316592091383,57.364,0.351,31.0513333333333,9.0,3.0,23.0,9.26086956521739,0.108926846100759,14.634900990099,38.7659090909091,0.0274003668159515,20.5652173913043,0.144319146405662,0.0005756496555096
20160120,MW1092-6,E5,7,Phosmet,0.3,uM,0.230557420508913,0.84,0.0198490518577053,60.0666666666667,0.168,61.0643333333333,4.0,3.0,13.0,7.0,0.103974358974359,26.6798418972332,65.1791666666667,0.0140225671544529,20.7692307692308,0.304957194154697,0.0010570089673903
20160120,MW1092-6,E6,7,Phosmet,1.0,uM,0.400188422264868,1.23,0.0235819304317176,53.1123333333333,0.194166666666667,66.3688333333333,6.0,6.0,22.0,11.0454545454545,0.103935827430146,21.292157659488,41.4833333333333,0.025791294796507,23.8181818181818,0.242614648532423,0.0007523150508755
20160120,MW1092-6,E7,7,Phosmet,3.0,uM,0.2546687266537,0.84,0.0206718878392566,67.1526666666667,0.189333333333333,45.632,5.0,3.0,15.0,9.66666666666667,0.116702380952381,23.4396671289875,56.6321428571429,0.0249962861785472,22.5333333333333,0.299846559363462,0.0
20160120,MW1092-6,E8,7,Phosmet,10.0,uM,0.579865801581151,1.2,0.0497053120776934,41.5414285714286,0.286428571428571,56.0521428571429,8.0,7.0,13.0,8.07692307692308,0.128079212454212,4.87179487179487,69.7875,0.0254318556136689,16.0769230769231,0.080035988923188,6.63532669737468e-05
20160120,MW1092-6,F1,7,Omethoate,30.0,uM,0.361336256142161,1.11,0.0271171049014132,49.9215,0.1495,51.9876666666667,10.0,6.0,13.0,10.1538461538462,0.135674672549672,7.62076207620762,61.6416666666667,0.0335549666336085,19.5384615384615,0.0810445936832899,4.43444213634805e-05
20160120,MW1092-6,F2,7,Omethoate,100.0,uM,2.14779515105411,11.58,0.0558592714453594,53.026,0.273,4.917,1.0,1.0,0.0,,,0.0,,,,0.0,0.0
20160120,MW1092-6,F3,7,Omethoate,0.0,uM,0.261589417555035,0.96,0.0539430172122196,56.733,0.3808,50.5916,7.0,5.0,19.0,10.1052631578947,0.124094658995975,14.1239892183288,46.9972222222222,0.0210015600845721,13.7894736842105,0.139361120484414,0.0004196176962059
20160120,MW1092-6,F4,7,Omethoate,0.1,uM,0.641116297029603,1.455,0.030661632062586,65.7447142857143,0.313714285714286,40.0821428571429,8.0,7.0,22.0,8.13636363636364,0.158790584415584,10.8938547486034,39.0309523809524,0.0321130375050898,23.0454545454545,0.194181056221551,0.0006789560622292
20160120,MW1092-6,F5,7,Omethoate,0.3,uM,0.334605881192969,1.16571428571429,0.0221446130904319,73.0408,0.2012,40.3102,7.0,5.0,20.0,8.0,0.158212797619048,15.0977717144156,44.5526315789474,0.0409544646823639,16.6,0.182107686965385,0.0004544346066271
20160120,MW1092-6,F6,7,Omethoate,1.0,uM,0.417781157163138,0.966666666666667,0.0256217508815564,62.4375,0.1915,45.0445,9.0,6.0,23.0,9.0,0.125859213250518,13.1095811818703,37.7431818181818,0.0371223740146711,19.8695652173913,0.154691459826669,0.0
20160120,MW1092-6,F7,7,Omethoate,3.0,uM,0.5903381085127,1.35,0.0412710791665685,61.225625,0.366875,37.4365,10.0,8.0,22.0,10.5454545454545,0.150000901875902,12.0976692563818,39.4071428571429,0.0346285534576653,29.7272727272727,0.149684203450937,0.0007027104923482
20160120,MW1092-6,F8,7,Omethoate,10.0,uM,0.444670263555021,1.584,0.029887354110863,73.8127777777778,0.253888888888889,35.5727777777778,10.0,9.0,23.0,11.0,0.17986240510697,22.1705046545811,36.9636363636364,0.0393374334913607,39.3478260869565,0.257342336018942,0.0009883789575787
